organism,16s,23s,5s,alanine,arginine,asparagine,asparticacid,cysteine,glutamicacid,glutamine,glycine,histidine,isoleucine,leucine,lysine,methionine,phenylalanine,proline,serine,threonine,tryptophan,tyrosine,valine
bin_1,1.0,1.0,1.0,2.0,4.0,1.0,1.0,1.0,2.0,2.0,3.0,1.0,1.0,4.0,2.0,3.0,1.0,3.0,4.0,3.0,1.0,1.0,2.0
bin_10,,,,1.0,4.0,1.0,1.0,2.0,1.0,1.0,3.0,1.0,,7.0,2.0,1.0,2.0,3.0,3.0,2.0,1.0,1.0,2.0
bin_100,,,,,2.0,,,,,1.0,1.0,1.0,,3.0,1.0,1.0,,1.0,3.0,3.0,1.0,,
bin_101,1.0,1.0,1.0,3.0,5.0,,1.0,1.0,2.0,2.0,4.0,1.0,1.0,5.0,2.0,3.0,,3.0,4.0,4.0,1.0,1.0,3.0
bin_102,1.0,1.0,1.0,3.0,6.0,1.0,3.0,1.0,2.0,2.0,3.0,2.0,1.0,5.0,3.0,4.0,1.0,3.0,6.0,3.0,1.0,1.0,3.0
bin_103,,,1.0,1.0,3.0,1.0,,1.0,1.0,2.0,4.0,,,6.0,2.0,,1.0,1.0,2.0,2.0,1.0,1.0,3.0
bin_104,,,,1.0,4.0,1.0,1.0,1.0,1.0,2.0,3.0,1.0,,5.0,2.0,3.0,1.0,2.0,3.0,3.0,1.0,1.0,3.0
bin_105,2.0,1.0,1.0,3.0,2.0,,,,,,2.0,,,1.0,,1.0,,,,,,,
bin_106,,,,1.0,6.0,,1.0,1.0,2.0,2.0,1.0,1.0,,5.0,2.0,1.0,1.0,3.0,3.0,1.0,1.0,,2.0
bin_107,1.0,1.0,1.0,3.0,8.0,2.0,1.0,1.0,2.0,2.0,3.0,2.0,1.0,5.0,2.0,2.0,2.0,3.0,8.0,3.0,1.0,1.0,3.0
bin_108,,,2.0,3.0,5.0,1.0,1.0,1.0,1.0,2.0,3.0,1.0,,6.0,2.0,3.0,3.0,4.0,5.0,3.0,1.0,,6.0
bin_109,1.0,1.0,1.0,3.0,5.0,1.0,,1.0,2.0,1.0,3.0,1.0,1.0,5.0,1.0,3.0,1.0,3.0,5.0,3.0,1.0,1.0,3.0
bin_11,1.0,1.0,1.0,3.0,6.0,1.0,1.0,1.0,2.0,3.0,3.0,1.0,1.0,4.0,2.0,3.0,1.0,4.0,5.0,3.0,1.0,1.0,3.0
bin_110,1.0,,,2.0,4.0,1.0,2.0,1.0,2.0,2.0,4.0,1.0,1.0,3.0,1.0,3.0,1.0,2.0,1.0,3.0,,1.0,2.0
bin_111,,,,,4.0,1.0,,1.0,1.0,2.0,3.0,1.0,,5.0,1.0,2.0,1.0,2.0,2.0,3.0,1.0,1.0,1.0
bin_112,,,1.0,,2.0,,1.0,,1.0,1.0,3.0,1.0,1.0,1.0,,1.0,1.0,3.0,1.0,3.0,,,3.0
bin_113,1.0,,1.0,3.0,4.0,1.0,2.0,,2.0,2.0,3.0,1.0,,5.0,1.0,2.0,1.0,4.0,6.0,1.0,1.0,,4.0
bin_114,1.0,1.0,,,4.0,1.0,,1.0,1.0,1.0,3.0,1.0,1.0,5.0,2.0,3.0,1.0,3.0,4.0,2.0,1.0,1.0,1.0
bin_115,,1.0,1.0,3.0,4.0,1.0,2.0,1.0,2.0,1.0,4.0,,1.0,3.0,,2.0,1.0,2.0,3.0,3.0,1.0,1.0,3.0
bin_116,,,,3.0,4.0,1.0,1.0,1.0,2.0,2.0,3.0,1.0,,5.0,1.0,3.0,1.0,2.0,4.0,3.0,1.0,1.0,3.0
bin_117,,,,1.0,5.0,1.0,1.0,1.0,3.0,2.0,3.0,1.0,,5.0,2.0,3.0,1.0,3.0,3.0,3.0,1.0,1.0,2.0
bin_118,1.0,,,2.0,5.0,1.0,,1.0,1.0,2.0,4.0,1.0,,5.0,2.0,,1.0,2.0,4.0,3.0,1.0,2.0,3.0
bin_119,,,,1.0,2.0,1.0,1.0,1.0,,1.0,3.0,,,3.0,1.0,2.0,,1.0,3.0,1.0,,,2.0
bin_12,,,1.0,1.0,5.0,1.0,4.0,1.0,1.0,1.0,2.0,2.0,,6.0,2.0,4.0,1.0,3.0,4.0,,,,3.0
bin_120,,,1.0,2.0,4.0,1.0,,,1.0,2.0,1.0,1.0,,5.0,1.0,1.0,1.0,1.0,3.0,2.0,1.0,1.0,3.0
bin_121,1.0,,,,,,,,,,2.0,,,3.0,,,,1.0,1.0,,,,
bin_122,,,,1.0,4.0,1.0,2.0,1.0,2.0,2.0,4.0,1.0,,6.0,3.0,3.0,1.0,3.0,4.0,3.0,1.0,1.0,2.0
bin_123,,,1.0,3.0,5.0,1.0,1.0,1.0,2.0,1.0,1.0,1.0,,4.0,2.0,2.0,1.0,4.0,7.0,1.0,1.0,,3.0
bin_124,1.0,,,4.0,6.0,1.0,1.0,1.0,2.0,2.0,3.0,1.0,,5.0,2.0,3.0,1.0,3.0,5.0,1.0,2.0,,2.0
bin_125,,,,1.0,4.0,1.0,1.0,1.0,1.0,2.0,3.0,1.0,,5.0,1.0,3.0,1.0,2.0,4.0,3.0,1.0,1.0,2.0
bin_126,,,,2.0,2.0,,1.0,1.0,2.0,1.0,1.0,,,3.0,1.0,1.0,,1.0,4.0,1.0,,,2.0
bin_127,,,,3.0,5.0,1.0,1.0,1.0,2.0,2.0,5.0,1.0,2.0,5.0,2.0,2.0,1.0,3.0,5.0,2.0,1.0,1.0,3.0
bin_128,,,1.0,2.0,3.0,1.0,1.0,1.0,2.0,2.0,3.0,1.0,1.0,4.0,1.0,2.0,1.0,3.0,5.0,3.0,1.0,1.0,3.0
bin_129,,,,4.0,5.0,1.0,1.0,2.0,2.0,2.0,3.0,1.0,1.0,5.0,2.0,3.0,1.0,3.0,4.0,3.0,1.0,1.0,1.0
bin_13,,,2.0,1.0,4.0,2.0,,2.0,2.0,2.0,3.0,1.0,,5.0,2.0,3.0,1.0,2.0,4.0,1.0,,,2.0
bin_130,1.0,1.0,,5.0,5.0,1.0,1.0,1.0,2.0,2.0,2.0,1.0,1.0,6.0,3.0,4.0,1.0,4.0,3.0,3.0,,,2.0
bin_132,,,,2.0,4.0,,,,1.0,,2.0,1.0,,3.0,,2.0,,2.0,2.0,2.0,,,2.0
bin_133,,,1.0,2.0,5.0,1.0,1.0,1.0,2.0,2.0,3.0,1.0,,5.0,2.0,3.0,1.0,2.0,5.0,2.0,1.0,1.0,3.0
bin_134,1.0,1.0,1.0,3.0,6.0,1.0,1.0,1.0,2.0,2.0,3.0,1.0,1.0,5.0,2.0,3.0,1.0,3.0,4.0,3.0,1.0,1.0,3.0
bin_135,,,,2.0,5.0,1.0,1.0,1.0,2.0,2.0,3.0,,,4.0,3.0,2.0,1.0,3.0,3.0,2.0,1.0,1.0,2.0
bin_136,1.0,,1.0,1.0,4.0,1.0,2.0,1.0,,1.0,4.0,1.0,,5.0,2.0,1.0,1.0,3.0,4.0,3.0,1.0,1.0,2.0
bin_137,1.0,1.0,1.0,3.0,5.0,1.0,1.0,1.0,2.0,2.0,4.0,2.0,1.0,4.0,2.0,4.0,1.0,3.0,5.0,3.0,1.0,1.0,3.0
bin_138,,,,1.0,7.0,1.0,1.0,1.0,2.0,2.0,3.0,1.0,1.0,5.0,2.0,2.0,1.0,3.0,5.0,1.0,2.0,1.0,3.0
bin_139,,,,1.0,1.0,1.0,1.0,1.0,2.0,1.0,1.0,1.0,,1.0,,2.0,1.0,2.0,2.0,2.0,1.0,1.0,1.0
bin_14,,,1.0,2.0,4.0,,1.0,1.0,1.0,1.0,2.0,1.0,,4.0,2.0,3.0,1.0,3.0,4.0,2.0,1.0,,3.0
bin_140,1.0,1.0,1.0,4.0,5.0,1.0,1.0,1.0,2.0,2.0,3.0,1.0,1.0,5.0,2.0,3.0,1.0,3.0,5.0,5.0,1.0,1.0,2.0
bin_141,,,1.0,1.0,4.0,1.0,1.0,1.0,1.0,2.0,3.0,1.0,,5.0,2.0,3.0,1.0,3.0,4.0,3.0,1.0,1.0,3.0
bin_142,,,,1.0,3.0,1.0,1.0,1.0,1.0,1.0,2.0,1.0,1.0,3.0,2.0,,1.0,2.0,3.0,4.0,,,2.0
bin_143,,,,3.0,3.0,1.0,2.0,1.0,2.0,1.0,3.0,,,5.0,2.0,2.0,1.0,3.0,3.0,2.0,,1.0,3.0
bin_144,,,1.0,1.0,4.0,1.0,,,1.0,1.0,2.0,2.0,,4.0,1.0,2.0,,,3.0,1.0,,,1.0
bin_145,,,,2.0,4.0,1.0,1.0,1.0,3.0,2.0,3.0,1.0,,5.0,2.0,1.0,1.0,3.0,4.0,3.0,1.0,1.0,2.0
bin_146,,,,2.0,4.0,1.0,1.0,2.0,3.0,,5.0,1.0,,5.0,1.0,4.0,1.0,1.0,3.0,,,,2.0
bin_147,,,,2.0,4.0,1.0,1.0,1.0,1.0,1.0,3.0,1.0,,5.0,2.0,1.0,1.0,3.0,3.0,3.0,1.0,1.0,3.0
bin_148,,,,2.0,6.0,1.0,,2.0,1.0,1.0,4.0,1.0,,4.0,1.0,1.0,1.0,2.0,5.0,4.0,1.0,1.0,1.0
bin_149,,,,,3.0,1.0,1.0,,,1.0,2.0,1.0,,2.0,1.0,1.0,1.0,1.0,5.0,1.0,,,2.0
bin_15,,,,3.0,5.0,1.0,1.0,1.0,2.0,2.0,2.0,1.0,1.0,4.0,1.0,3.0,1.0,3.0,5.0,3.0,1.0,1.0,3.0
bin_150,1.0,,1.0,3.0,5.0,1.0,1.0,1.0,3.0,2.0,3.0,1.0,1.0,5.0,2.0,3.0,1.0,3.0,5.0,3.0,1.0,1.0,3.0
bin_151,1.0,1.0,1.0,3.0,5.0,1.0,1.0,2.0,1.0,1.0,4.0,1.0,1.0,5.0,2.0,3.0,1.0,3.0,5.0,2.0,,1.0,4.0
bin_152,,,1.0,1.0,4.0,,1.0,1.0,2.0,1.0,2.0,1.0,2.0,3.0,1.0,2.0,,2.0,4.0,1.0,,,3.0
bin_153,,,,2.0,3.0,1.0,2.0,1.0,1.0,1.0,3.0,1.0,,5.0,2.0,3.0,1.0,3.0,5.0,3.0,1.0,1.0,3.0
bin_154,1.0,,1.0,2.0,5.0,1.0,1.0,1.0,1.0,1.0,3.0,1.0,1.0,5.0,2.0,2.0,1.0,3.0,3.0,3.0,1.0,1.0,3.0
bin_155,,1.0,1.0,3.0,5.0,1.0,1.0,1.0,2.0,2.0,3.0,1.0,1.0,5.0,2.0,3.0,1.0,3.0,5.0,3.0,1.0,1.0,3.0
bin_156,2.0,,2.0,3.0,5.0,1.0,2.0,1.0,3.0,3.0,3.0,1.0,1.0,6.0,3.0,3.0,2.0,4.0,5.0,3.0,1.0,1.0,5.0
bin_157,1.0,,1.0,4.0,5.0,1.0,1.0,1.0,2.0,3.0,3.0,,,3.0,2.0,3.0,1.0,3.0,3.0,,,,2.0
bin_158,,,,1.0,3.0,1.0,,1.0,1.0,1.0,2.0,1.0,,5.0,2.0,2.0,1.0,3.0,2.0,3.0,1.0,1.0,3.0
bin_159,,,1.0,2.0,4.0,1.0,1.0,1.0,3.0,2.0,2.0,1.0,,4.0,1.0,2.0,1.0,3.0,4.0,9.0,1.0,,3.0
bin_16,1.0,1.0,1.0,4.0,6.0,1.0,1.0,1.0,1.0,1.0,3.0,1.0,,5.0,1.0,3.0,2.0,3.0,6.0,3.0,1.0,1.0,3.0
bin_160,1.0,,1.0,1.0,3.0,1.0,1.0,,1.0,2.0,2.0,1.0,1.0,5.0,1.0,2.0,1.0,2.0,5.0,3.0,1.0,1.0,2.0
bin_161,,,1.0,1.0,5.0,,1.0,1.0,1.0,,2.0,1.0,,5.0,1.0,1.0,1.0,3.0,3.0,2.0,1.0,1.0,1.0
bin_162,1.0,,1.0,3.0,5.0,,1.0,1.0,1.0,2.0,3.0,1.0,1.0,4.0,2.0,3.0,1.0,3.0,5.0,3.0,1.0,1.0,3.0
bin_163,,,1.0,3.0,,1.0,,,,1.0,,,1.0,3.0,1.0,2.0,,3.0,2.0,2.0,,,
bin_164,1.0,1.0,1.0,3.0,4.0,1.0,1.0,1.0,2.0,2.0,3.0,1.0,1.0,5.0,1.0,3.0,1.0,3.0,4.0,3.0,1.0,1.0,3.0
bin_165,,,,1.0,4.0,1.0,,1.0,2.0,2.0,3.0,1.0,,5.0,1.0,1.0,1.0,3.0,2.0,2.0,1.0,1.0,2.0
bin_166,1.0,,1.0,3.0,5.0,1.0,,1.0,2.0,2.0,2.0,1.0,1.0,5.0,2.0,3.0,1.0,3.0,4.0,2.0,,1.0,3.0
bin_167,,,1.0,2.0,6.0,1.0,1.0,1.0,2.0,3.0,3.0,2.0,,4.0,2.0,1.0,1.0,3.0,4.0,2.0,1.0,,3.0
bin_168,1.0,,1.0,3.0,4.0,1.0,1.0,,1.0,2.0,4.0,,,3.0,2.0,2.0,1.0,3.0,6.0,3.0,1.0,1.0,3.0
bin_169,,,,2.0,4.0,1.0,1.0,1.0,1.0,1.0,3.0,1.0,,5.0,3.0,2.0,1.0,4.0,3.0,2.0,1.0,1.0,3.0
bin_17,1.0,1.0,1.0,,2.0,1.0,,1.0,2.0,1.0,3.0,,1.0,3.0,,,1.0,3.0,1.0,3.0,,,3.0
bin_170,1.0,1.0,1.0,2.0,5.0,1.0,1.0,,1.0,1.0,4.0,,1.0,3.0,1.0,2.0,,2.0,5.0,3.0,1.0,1.0,1.0
bin_171,,1.0,,3.0,5.0,,2.0,1.0,2.0,1.0,3.0,1.0,2.0,5.0,1.0,3.0,1.0,2.0,4.0,3.0,1.0,1.0,3.0
bin_172,,,,3.0,3.0,1.0,1.0,2.0,2.0,2.0,3.0,1.0,1.0,5.0,2.0,3.0,1.0,2.0,6.0,3.0,1.0,1.0,2.0
bin_173,,,,2.0,6.0,,1.0,1.0,3.0,2.0,3.0,,,5.0,1.0,3.0,1.0,3.0,4.0,3.0,2.0,1.0,3.0
bin_174,,,1.0,4.0,6.0,1.0,1.0,2.0,2.0,2.0,5.0,1.0,,5.0,4.0,3.0,1.0,3.0,5.0,5.0,2.0,1.0,4.0
bin_175,,,1.0,4.0,5.0,1.0,1.0,1.0,2.0,2.0,4.0,1.0,,5.0,2.0,3.0,2.0,3.0,6.0,2.0,1.0,,3.0
bin_176,,,,1.0,4.0,,,,2.0,1.0,4.0,1.0,,3.0,1.0,1.0,1.0,3.0,2.0,3.0,1.0,1.0,1.0
bin_177,1.0,,1.0,3.0,6.0,1.0,1.0,1.0,3.0,2.0,3.0,1.0,1.0,5.0,2.0,3.0,1.0,3.0,5.0,3.0,1.0,1.0,3.0
bin_178,,,,1.0,4.0,,1.0,1.0,2.0,,,,,3.0,,2.0,1.0,2.0,4.0,3.0,1.0,1.0,3.0
bin_179,,,1.0,1.0,4.0,1.0,,1.0,1.0,2.0,3.0,,,4.0,2.0,3.0,1.0,2.0,3.0,3.0,1.0,1.0,2.0
bin_18,,,,,5.0,,,,,1.0,1.0,,,2.0,,,,2.0,2.0,4.0,,1.0,2.0
bin_180,1.0,1.0,1.0,2.0,4.0,1.0,,1.0,1.0,2.0,3.0,1.0,1.0,5.0,2.0,3.0,1.0,3.0,4.0,3.0,1.0,1.0,3.0
bin_181,,,1.0,1.0,5.0,1.0,2.0,1.0,2.0,2.0,2.0,1.0,,4.0,1.0,2.0,,3.0,3.0,1.0,,,3.0
bin_182,,,1.0,2.0,6.0,,1.0,1.0,2.0,2.0,1.0,1.0,,5.0,3.0,3.0,1.0,3.0,6.0,3.0,1.0,,3.0
bin_183,,,,1.0,3.0,3.0,,1.0,1.0,2.0,6.0,2.0,,8.0,1.0,3.0,2.0,3.0,4.0,3.0,2.0,2.0,3.0
bin_184,1.0,1.0,1.0,3.0,5.0,,1.0,1.0,2.0,2.0,3.0,1.0,1.0,5.0,1.0,2.0,1.0,3.0,5.0,3.0,,1.0,3.0
bin_185,,,,3.0,4.0,1.0,,1.0,1.0,1.0,2.0,1.0,,4.0,2.0,2.0,1.0,3.0,4.0,1.0,,,4.0
bin_186,,,1.0,1.0,3.0,1.0,1.0,1.0,,1.0,2.0,1.0,,5.0,2.0,3.0,,3.0,2.0,2.0,,,4.0
bin_187,,,,2.0,4.0,1.0,1.0,1.0,2.0,2.0,2.0,,,4.0,2.0,1.0,1.0,3.0,3.0,3.0,1.0,1.0,4.0
bin_188,,,1.0,1.0,1.0,1.0,1.0,,1.0,,1.0,,,3.0,1.0,1.0,1.0,1.0,3.0,,,,2.0
bin_189,,,,1.0,4.0,,1.0,1.0,1.0,2.0,3.0,1.0,,5.0,2.0,2.0,1.0,2.0,3.0,3.0,1.0,1.0,2.0
bin_19,,,,1.0,4.0,1.0,1.0,1.0,1.0,1.0,3.0,1.0,,4.0,1.0,2.0,1.0,3.0,5.0,2.0,1.0,1.0,3.0
bin_190,2.0,,,3.0,4.0,1.0,1.0,,1.0,2.0,3.0,1.0,,4.0,2.0,2.0,1.0,3.0,5.0,4.0,2.0,1.0,3.0
bin_191,,,1.0,2.0,4.0,1.0,1.0,,1.0,2.0,1.0,1.0,,5.0,,3.0,,3.0,4.0,1.0,1.0,,2.0
bin_192,,,2.0,2.0,4.0,,1.0,1.0,1.0,1.0,2.0,1.0,1.0,4.0,1.0,1.0,1.0,3.0,2.0,,,,1.0
bin_193,,,1.0,2.0,3.0,1.0,,,2.0,1.0,3.0,1.0,,3.0,2.0,2.0,1.0,3.0,4.0,1.0,1.0,,2.0
bin_194,,,1.0,2.0,3.0,,,1.0,1.0,3.0,5.0,,,5.0,1.0,2.0,,2.0,4.0,3.0,,1.0,1.0
bin_195,,,2.0,2.0,5.0,1.0,1.0,1.0,1.0,1.0,3.0,1.0,,5.0,1.0,3.0,1.0,3.0,4.0,3.0,1.0,1.0,3.0
bin_196,1.0,1.0,1.0,2.0,4.0,,1.0,,2.0,2.0,2.0,,2.0,4.0,1.0,2.0,,3.0,3.0,3.0,1.0,1.0,2.0
bin_197,,,1.0,2.0,3.0,1.0,1.0,,2.0,2.0,2.0,1.0,,4.0,2.0,3.0,1.0,3.0,3.0,3.0,1.0,1.0,2.0
bin_198,,,,3.0,6.0,1.0,1.0,1.0,1.0,1.0,3.0,1.0,1.0,5.0,1.0,3.0,,3.0,4.0,4.0,1.0,1.0,3.0
bin_199,1.0,1.0,,3.0,4.0,1.0,1.0,1.0,2.0,2.0,3.0,1.0,2.0,6.0,2.0,2.0,1.0,3.0,4.0,3.0,1.0,1.0,3.0
bin_2,1.0,1.0,1.0,2.0,3.0,1.0,1.0,1.0,2.0,3.0,2.0,1.0,1.0,3.0,,2.0,1.0,1.0,3.0,1.0,1.0,,2.0
bin_20,,,,2.0,4.0,1.0,1.0,1.0,1.0,1.0,3.0,1.0,,5.0,2.0,4.0,1.0,4.0,4.0,3.0,1.0,1.0,3.0
bin_200,1.0,,1.0,3.0,5.0,1.0,1.0,1.0,2.0,2.0,3.0,1.0,1.0,4.0,2.0,3.0,1.0,3.0,4.0,3.0,1.0,1.0,3.0
bin_201,1.0,,,3.0,5.0,2.0,,1.0,2.0,2.0,2.0,1.0,2.0,1.0,,2.0,1.0,,4.0,2.0,1.0,,2.0
bin_202,,,,2.0,3.0,,,1.0,1.0,2.0,3.0,1.0,1.0,3.0,2.0,3.0,,1.0,4.0,2.0,1.0,1.0,2.0
bin_203,,,,1.0,4.0,1.0,1.0,1.0,,1.0,2.0,,,3.0,1.0,3.0,1.0,4.0,4.0,3.0,,1.0,2.0
bin_204,,,,3.0,5.0,,,1.0,2.0,,3.0,1.0,,2.0,2.0,2.0,1.0,2.0,4.0,3.0,,2.0,
bin_205,,,,5.0,4.0,1.0,1.0,1.0,2.0,2.0,2.0,1.0,,7.0,3.0,4.0,1.0,3.0,4.0,2.0,,,5.0
bin_206,1.0,,1.0,1.0,1.0,1.0,1.0,1.0,1.0,1.0,2.0,1.0,,4.0,1.0,,,1.0,2.0,3.0,,,2.0
bin_207,,,1.0,4.0,5.0,1.0,1.0,1.0,2.0,1.0,3.0,,1.0,6.0,1.0,2.0,1.0,4.0,7.0,2.0,1.0,1.0,5.0
bin_208,1.0,,1.0,,2.0,1.0,,1.0,1.0,1.0,3.0,,1.0,3.0,,,1.0,3.0,1.0,3.0,,,3.0
bin_209,,,1.0,1.0,4.0,1.0,,1.0,1.0,2.0,,1.0,,4.0,1.0,2.0,1.0,3.0,5.0,,,,
bin_21,,1.0,1.0,3.0,4.0,1.0,1.0,1.0,2.0,2.0,3.0,1.0,1.0,5.0,2.0,3.0,1.0,4.0,7.0,3.0,1.0,1.0,2.0
bin_210,,,,3.0,5.0,1.0,1.0,1.0,2.0,2.0,3.0,1.0,2.0,5.0,2.0,2.0,1.0,3.0,4.0,3.0,1.0,1.0,3.0
bin_211,,,1.0,1.0,2.0,,,,,1.0,1.0,1.0,,2.0,,1.0,,4.0,5.0,3.0,1.0,1.0,1.0
bin_212,1.0,,,2.0,5.0,,1.0,1.0,2.0,2.0,3.0,1.0,,5.0,2.0,3.0,1.0,3.0,2.0,3.0,1.0,1.0,3.0
bin_213,1.0,1.0,1.0,3.0,5.0,1.0,1.0,1.0,2.0,2.0,5.0,1.0,,5.0,2.0,3.0,1.0,3.0,4.0,3.0,1.0,1.0,3.0
bin_214,,,1.0,1.0,6.0,1.0,,2.0,3.0,3.0,4.0,1.0,,6.0,2.0,2.0,1.0,2.0,4.0,3.0,1.0,1.0,3.0
bin_215,1.0,,1.0,2.0,5.0,1.0,1.0,1.0,2.0,2.0,3.0,1.0,,5.0,2.0,3.0,1.0,3.0,4.0,3.0,1.0,1.0,2.0
bin_216,,,,1.0,3.0,1.0,1.0,1.0,2.0,2.0,1.0,1.0,1.0,3.0,2.0,3.0,,1.0,4.0,2.0,1.0,1.0,
bin_217,,,1.0,3.0,4.0,,1.0,1.0,2.0,2.0,3.0,1.0,,5.0,2.0,2.0,,2.0,3.0,3.0,1.0,1.0,2.0
bin_218,1.0,1.0,,3.0,5.0,1.0,1.0,1.0,2.0,1.0,3.0,2.0,2.0,5.0,2.0,2.0,,3.0,4.0,3.0,1.0,1.0,2.0
bin_219,1.0,1.0,,3.0,5.0,1.0,1.0,1.0,2.0,2.0,3.0,1.0,1.0,5.0,2.0,4.0,1.0,3.0,4.0,3.0,1.0,1.0,4.0
bin_22,,,,2.0,4.0,1.0,,,2.0,2.0,2.0,1.0,,5.0,2.0,3.0,1.0,2.0,6.0,3.0,1.0,1.0,2.0
bin_220,1.0,,1.0,3.0,5.0,1.0,1.0,1.0,2.0,2.0,3.0,2.0,1.0,5.0,3.0,3.0,1.0,3.0,5.0,3.0,1.0,1.0,3.0
bin_221,1.0,,,4.0,5.0,,1.0,1.0,2.0,3.0,4.0,1.0,,6.0,2.0,3.0,1.0,2.0,5.0,3.0,,1.0,4.0
bin_222,,,,2.0,5.0,1.0,1.0,1.0,2.0,,2.0,1.0,,5.0,4.0,1.0,1.0,2.0,3.0,1.0,1.0,,3.0
bin_223,,,,,2.0,,1.0,1.0,1.0,1.0,2.0,1.0,,1.0,1.0,1.0,1.0,3.0,1.0,1.0,1.0,1.0,
bin_224,,1.0,1.0,3.0,4.0,1.0,2.0,1.0,3.0,3.0,6.0,1.0,,6.0,2.0,4.0,2.0,5.0,5.0,3.0,1.0,1.0,3.0
bin_225,,1.0,1.0,2.0,3.0,1.0,1.0,1.0,1.0,1.0,2.0,1.0,1.0,4.0,1.0,3.0,1.0,1.0,3.0,2.0,1.0,1.0,3.0
bin_226,,,1.0,1.0,4.0,,,2.0,2.0,2.0,3.0,1.0,,4.0,2.0,4.0,1.0,3.0,3.0,3.0,1.0,1.0,3.0
bin_227,,,,2.0,4.0,1.0,1.0,1.0,2.0,2.0,3.0,,,5.0,2.0,2.0,1.0,3.0,5.0,3.0,1.0,1.0,2.0
bin_228,,,,1.0,3.0,,,,1.0,1.0,2.0,,,3.0,1.0,,1.0,3.0,5.0,3.0,1.0,1.0,1.0
bin_229,2.0,,1.0,1.0,,,1.0,,,,2.0,,,3.0,,,,1.0,1.0,,,,
bin_23,,,1.0,3.0,4.0,1.0,1.0,1.0,2.0,2.0,3.0,1.0,2.0,5.0,2.0,3.0,1.0,3.0,5.0,3.0,1.0,1.0,3.0
bin_230,1.0,1.0,1.0,3.0,5.0,,1.0,1.0,2.0,1.0,3.0,1.0,1.0,4.0,2.0,3.0,1.0,3.0,4.0,3.0,1.0,1.0,3.0
bin_231,1.0,1.0,1.0,4.0,5.0,1.0,1.0,1.0,2.0,3.0,3.0,1.0,1.0,5.0,2.0,3.0,1.0,3.0,4.0,3.0,1.0,2.0,3.0
bin_232,,,,2.0,3.0,1.0,1.0,,,1.0,2.0,1.0,,4.0,1.0,2.0,1.0,1.0,1.0,2.0,,1.0,3.0
bin_233,,,,,1.0,,,,1.0,,,,,2.0,1.0,,,1.0,2.0,,,,1.0
bin_234,1.0,,1.0,3.0,4.0,1.0,1.0,,2.0,1.0,2.0,1.0,1.0,1.0,2.0,2.0,,3.0,4.0,3.0,,1.0,2.0
bin_235,,,,2.0,5.0,1.0,1.0,,2.0,2.0,4.0,1.0,,6.0,2.0,3.0,1.0,3.0,5.0,3.0,1.0,1.0,2.0
bin_236,,,,3.0,4.0,1.0,2.0,1.0,2.0,2.0,1.0,1.0,1.0,4.0,2.0,1.0,2.0,2.0,4.0,2.0,1.0,,3.0
bin_237,,1.0,1.0,2.0,5.0,1.0,1.0,1.0,2.0,2.0,3.0,1.0,,5.0,2.0,2.0,2.0,3.0,4.0,3.0,1.0,1.0,3.0
bin_238,,,,1.0,2.0,1.0,1.0,1.0,1.0,1.0,3.0,1.0,,3.0,2.0,3.0,1.0,2.0,2.0,3.0,1.0,1.0,3.0
bin_239,1.0,,,2.0,5.0,1.0,1.0,1.0,2.0,2.0,2.0,1.0,2.0,5.0,2.0,2.0,1.0,3.0,3.0,3.0,1.0,1.0,3.0
bin_24,,,,1.0,3.0,1.0,1.0,1.0,,,2.0,,,4.0,1.0,2.0,1.0,2.0,6.0,,1.0,,1.0
bin_240,1.0,1.0,1.0,3.0,5.0,1.0,1.0,1.0,2.0,2.0,3.0,1.0,1.0,5.0,1.0,2.0,1.0,3.0,5.0,1.0,1.0,,3.0
bin_241,,,,2.0,4.0,1.0,,1.0,2.0,1.0,2.0,1.0,,5.0,2.0,3.0,,4.0,5.0,2.0,,1.0,3.0
bin_242,,,,2.0,3.0,1.0,1.0,1.0,2.0,2.0,2.0,,,5.0,1.0,2.0,1.0,3.0,5.0,2.0,1.0,1.0,3.0
bin_243,1.0,,1.0,2.0,3.0,1.0,1.0,1.0,2.0,2.0,1.0,1.0,,5.0,1.0,2.0,,2.0,4.0,2.0,,1.0,3.0
bin_244,,,,2.0,1.0,,1.0,1.0,,2.0,3.0,,,4.0,1.0,1.0,1.0,2.0,4.0,2.0,,,2.0
bin_245,1.0,1.0,,3.0,5.0,1.0,1.0,1.0,2.0,2.0,3.0,1.0,2.0,5.0,2.0,2.0,1.0,3.0,4.0,3.0,1.0,1.0,3.0
bin_246,,,1.0,1.0,4.0,1.0,1.0,1.0,1.0,2.0,4.0,1.0,,5.0,2.0,3.0,1.0,2.0,4.0,3.0,1.0,1.0,2.0
bin_247,2.0,,,2.0,6.0,1.0,1.0,2.0,2.0,2.0,3.0,1.0,,4.0,1.0,3.0,1.0,2.0,6.0,3.0,1.0,1.0,3.0
bin_248,,,,3.0,5.0,1.0,1.0,1.0,2.0,2.0,2.0,2.0,,5.0,2.0,2.0,1.0,3.0,5.0,1.0,,,3.0
bin_249,1.0,1.0,,3.0,4.0,1.0,1.0,1.0,2.0,1.0,3.0,1.0,2.0,5.0,2.0,2.0,1.0,3.0,4.0,3.0,1.0,1.0,3.0
bin_25,,,,1.0,2.0,,1.0,,1.0,1.0,3.0,1.0,,2.0,,2.0,,1.0,3.0,,1.0,1.0,2.0
bin_250,,,,2.0,5.0,1.0,1.0,1.0,2.0,2.0,4.0,1.0,,5.0,2.0,2.0,1.0,3.0,5.0,3.0,1.0,1.0,3.0
bin_251,1.0,1.0,1.0,3.0,5.0,,1.0,,2.0,2.0,3.0,1.0,1.0,5.0,2.0,3.0,1.0,2.0,5.0,3.0,1.0,1.0,3.0
bin_252,,,,3.0,4.0,1.0,1.0,1.0,2.0,2.0,4.0,1.0,1.0,5.0,2.0,4.0,3.0,3.0,4.0,3.0,1.0,1.0,3.0
bin_253,,,1.0,2.0,3.0,,,,2.0,,2.0,1.0,1.0,2.0,1.0,2.0,,2.0,1.0,2.0,,1.0,2.0
bin_254,,,,2.0,4.0,1.0,2.0,,1.0,1.0,2.0,1.0,,3.0,1.0,2.0,1.0,2.0,3.0,3.0,1.0,1.0,2.0
bin_255,,,1.0,1.0,4.0,1.0,,1.0,,1.0,1.0,1.0,,5.0,2.0,2.0,1.0,2.0,3.0,1.0,1.0,,2.0
bin_256,,,,2.0,3.0,1.0,1.0,1.0,2.0,1.0,4.0,,,5.0,3.0,2.0,1.0,3.0,5.0,2.0,1.0,1.0,3.0
bin_257,1.0,,1.0,1.0,4.0,1.0,,,1.0,1.0,1.0,1.0,,3.0,2.0,1.0,,3.0,3.0,2.0,,1.0,2.0
bin_258,1.0,,1.0,2.0,5.0,,1.0,1.0,1.0,3.0,3.0,1.0,,5.0,1.0,3.0,1.0,2.0,5.0,3.0,1.0,1.0,3.0
bin_259,2.0,1.0,,3.0,5.0,1.0,1.0,1.0,2.0,4.0,3.0,1.0,1.0,4.0,1.0,3.0,1.0,2.0,4.0,3.0,1.0,2.0,3.0
bin_26,1.0,1.0,1.0,3.0,3.0,1.0,1.0,1.0,2.0,1.0,3.0,,1.0,5.0,1.0,3.0,1.0,3.0,4.0,3.0,1.0,1.0,2.0
bin_260,1.0,1.0,1.0,4.0,5.0,1.0,1.0,2.0,3.0,2.0,3.0,1.0,1.0,5.0,2.0,3.0,1.0,3.0,4.0,3.0,1.0,1.0,3.0
bin_261,1.0,,1.0,,6.0,1.0,2.0,1.0,3.0,3.0,3.0,1.0,,4.0,1.0,1.0,,4.0,5.0,3.0,,,3.0
bin_262,,,,2.0,5.0,1.0,1.0,1.0,2.0,2.0,3.0,1.0,,5.0,2.0,3.0,1.0,3.0,5.0,3.0,1.0,1.0,3.0
bin_263,1.0,,1.0,4.0,4.0,1.0,1.0,1.0,3.0,2.0,3.0,1.0,1.0,6.0,2.0,2.0,1.0,3.0,4.0,3.0,1.0,1.0,4.0
bin_264,,,,3.0,6.0,,1.0,1.0,1.0,1.0,3.0,1.0,,5.0,1.0,3.0,1.0,3.0,5.0,3.0,1.0,1.0,3.0
bin_265,1.0,,1.0,4.0,4.0,1.0,,1.0,2.0,1.0,8.0,1.0,,5.0,2.0,2.0,1.0,2.0,6.0,4.0,2.0,1.0,2.0
bin_266,,,1.0,1.0,4.0,1.0,,1.0,1.0,2.0,3.0,1.0,,5.0,2.0,2.0,1.0,2.0,4.0,3.0,1.0,1.0,3.0
bin_267,,,,1.0,4.0,1.0,1.0,1.0,1.0,1.0,3.0,1.0,,5.0,1.0,3.0,1.0,3.0,4.0,3.0,1.0,1.0,1.0
bin_268,,,1.0,2.0,4.0,1.0,1.0,1.0,1.0,2.0,3.0,1.0,1.0,5.0,2.0,2.0,1.0,3.0,5.0,1.0,1.0,,3.0
bin_269,,,,3.0,7.0,1.0,5.0,3.0,3.0,4.0,7.0,2.0,,6.0,,3.0,2.0,4.0,3.0,6.0,1.0,1.0,4.0
bin_27,1.0,,1.0,3.0,6.0,1.0,1.0,1.0,3.0,2.0,3.0,2.0,2.0,5.0,2.0,4.0,1.0,3.0,5.0,4.0,1.0,1.0,3.0
bin_270,,,1.0,2.0,3.0,,1.0,1.0,1.0,2.0,2.0,1.0,,5.0,2.0,2.0,1.0,3.0,3.0,3.0,,1.0,2.0
bin_271,,,,2.0,3.0,1.0,1.0,1.0,,1.0,2.0,,,4.0,1.0,2.0,1.0,3.0,2.0,3.0,1.0,1.0,2.0
bin_272,1.0,1.0,1.0,4.0,8.0,3.0,3.0,3.0,4.0,4.0,5.0,1.0,2.0,7.0,4.0,6.0,2.0,5.0,5.0,4.0,2.0,1.0,5.0
bin_273,,,1.0,2.0,2.0,1.0,,2.0,,1.0,2.0,,,4.0,1.0,1.0,1.0,3.0,2.0,2.0,,1.0,3.0
bin_274,,,1.0,1.0,5.0,,1.0,,1.0,1.0,1.0,1.0,,2.0,2.0,1.0,,3.0,5.0,,,,2.0
bin_275,,,1.0,1.0,3.0,1.0,1.0,1.0,1.0,2.0,3.0,1.0,,5.0,1.0,3.0,1.0,3.0,4.0,3.0,1.0,1.0,3.0
bin_276,1.0,,,3.0,5.0,1.0,1.0,1.0,2.0,2.0,3.0,1.0,1.0,5.0,3.0,3.0,1.0,3.0,5.0,3.0,1.0,1.0,3.0
bin_277,1.0,,1.0,2.0,5.0,1.0,2.0,3.0,2.0,3.0,2.0,1.0,,6.0,2.0,3.0,1.0,4.0,5.0,3.0,1.0,,3.0
bin_278,1.0,,,2.0,7.0,,2.0,1.0,1.0,2.0,3.0,1.0,3.0,6.0,4.0,2.0,1.0,3.0,7.0,3.0,1.0,1.0,4.0
bin_279,2.0,1.0,1.0,4.0,5.0,1.0,1.0,1.0,2.0,2.0,3.0,1.0,1.0,6.0,2.0,4.0,1.0,4.0,4.0,3.0,1.0,1.0,3.0
bin_28,2.0,1.0,,2.0,4.0,1.0,1.0,1.0,2.0,2.0,3.0,1.0,1.0,4.0,1.0,2.0,1.0,3.0,4.0,3.0,1.0,1.0,3.0
bin_280,,,1.0,3.0,4.0,1.0,,1.0,,,5.0,2.0,1.0,4.0,2.0,3.0,1.0,2.0,4.0,1.0,2.0,,2.0
bin_281,1.0,,1.0,3.0,4.0,,,1.0,1.0,2.0,2.0,1.0,1.0,4.0,1.0,1.0,1.0,2.0,5.0,2.0,1.0,1.0,1.0
bin_282,1.0,1.0,2.0,2.0,6.0,2.0,3.0,1.0,4.0,1.0,4.0,1.0,1.0,5.0,2.0,6.0,2.0,2.0,4.0,3.0,3.0,1.0,4.0
bin_283,1.0,,1.0,1.0,4.0,,1.0,1.0,1.0,1.0,3.0,1.0,,5.0,2.0,3.0,1.0,3.0,4.0,3.0,1.0,1.0,1.0
bin_284,1.0,1.0,,3.0,3.0,,1.0,1.0,2.0,2.0,2.0,1.0,1.0,4.0,2.0,3.0,1.0,3.0,3.0,3.0,1.0,1.0,3.0
bin_285,,,1.0,1.0,1.0,2.0,1.0,1.0,1.0,1.0,2.0,,1.0,4.0,1.0,2.0,,,1.0,2.0,1.0,1.0,2.0
bin_286,1.0,,,2.0,4.0,1.0,1.0,1.0,2.0,2.0,3.0,1.0,,5.0,2.0,3.0,1.0,3.0,5.0,3.0,1.0,1.0,3.0
bin_287,1.0,,1.0,2.0,4.0,1.0,1.0,1.0,1.0,1.0,2.0,1.0,1.0,4.0,1.0,3.0,1.0,2.0,3.0,2.0,1.0,1.0,1.0
bin_288,1.0,,,2.0,5.0,1.0,1.0,1.0,2.0,1.0,3.0,1.0,1.0,5.0,2.0,2.0,1.0,3.0,4.0,2.0,1.0,1.0,3.0
bin_289,,,,2.0,5.0,1.0,1.0,1.0,2.0,1.0,2.0,1.0,,5.0,2.0,3.0,1.0,3.0,2.0,5.0,1.0,1.0,3.0
bin_29,,,,2.0,,,,,,,,,,1.0,,,,1.0,1.0,,,,
bin_290,1.0,1.0,,2.0,5.0,1.0,1.0,1.0,2.0,2.0,3.0,1.0,1.0,5.0,2.0,3.0,1.0,3.0,2.0,3.0,1.0,1.0,3.0
bin_291,2.0,1.0,1.0,3.0,4.0,,1.0,,2.0,2.0,1.0,1.0,1.0,1.0,,1.0,3.0,1.0,1.0,1.0,1.0,,3.0
bin_292,,,1.0,3.0,4.0,,1.0,1.0,2.0,1.0,2.0,,,4.0,1.0,2.0,,3.0,5.0,3.0,1.0,1.0,3.0
bin_293,,,,1.0,,,1.0,,,3.0,,,,2.0,,3.0,,2.0,3.0,2.0,,,2.0
bin_294,1.0,1.0,1.0,3.0,6.0,1.0,1.0,1.0,3.0,2.0,3.0,2.0,,5.0,2.0,3.0,1.0,3.0,4.0,3.0,1.0,1.0,3.0
bin_295,,,,3.0,3.0,,,1.0,,1.0,,1.0,,2.0,1.0,,1.0,2.0,4.0,2.0,,1.0,1.0
bin_296,1.0,1.0,,2.0,3.0,1.0,1.0,,2.0,2.0,2.0,1.0,1.0,3.0,2.0,2.0,,2.0,5.0,2.0,,,3.0
bin_297,,1.0,1.0,3.0,5.0,2.0,1.0,1.0,2.0,2.0,3.0,1.0,1.0,5.0,3.0,3.0,1.0,3.0,4.0,3.0,1.0,1.0,3.0
bin_298,1.0,1.0,1.0,3.0,5.0,1.0,2.0,1.0,2.0,2.0,3.0,1.0,1.0,5.0,2.0,3.0,1.0,3.0,4.0,3.0,1.0,1.0,4.0
bin_299,,,1.0,3.0,2.0,1.0,1.0,,1.0,1.0,1.0,,1.0,2.0,2.0,2.0,1.0,2.0,4.0,1.0,1.0,,1.0
bin_3,1.0,1.0,1.0,4.0,6.0,1.0,1.0,2.0,2.0,4.0,3.0,1.0,1.0,5.0,2.0,3.0,1.0,3.0,6.0,3.0,2.0,1.0,2.0
bin_30,1.0,,1.0,,1.0,2.0,,,1.0,,,,1.0,1.0,1.0,,1.0,1.0,,1.0,,,1.0
bin_300,,,1.0,3.0,6.0,2.0,,1.0,4.0,2.0,1.0,1.0,1.0,4.0,2.0,3.0,1.0,3.0,5.0,2.0,1.0,,4.0
bin_301,,,,2.0,4.0,1.0,,1.0,1.0,1.0,2.0,,,4.0,2.0,3.0,1.0,3.0,4.0,2.0,1.0,,2.0
bin_302,1.0,1.0,2.0,1.0,2.0,,1.0,1.0,1.0,,1.0,1.0,,2.0,,1.0,,1.0,1.0,,,,1.0
bin_303,1.0,1.0,1.0,1.0,5.0,1.0,1.0,1.0,1.0,1.0,2.0,1.0,1.0,4.0,1.0,3.0,1.0,2.0,3.0,2.0,1.0,1.0,1.0
bin_304,,1.0,1.0,3.0,5.0,,1.0,,2.0,2.0,3.0,,,5.0,1.0,2.0,,4.0,4.0,3.0,1.0,1.0,3.0
bin_305,1.0,1.0,,3.0,5.0,1.0,1.0,1.0,2.0,2.0,3.0,1.0,1.0,4.0,1.0,2.0,1.0,3.0,4.0,3.0,,,3.0
bin_306,1.0,,1.0,3.0,3.0,1.0,,,2.0,2.0,1.0,1.0,1.0,4.0,2.0,2.0,1.0,3.0,3.0,1.0,,,2.0
bin_307,,,1.0,3.0,4.0,1.0,1.0,,3.0,2.0,3.0,1.0,1.0,5.0,2.0,3.0,1.0,3.0,5.0,3.0,,1.0,2.0
bin_308,,,,3.0,3.0,1.0,1.0,1.0,1.0,1.0,3.0,1.0,,4.0,1.0,2.0,,3.0,6.0,1.0,1.0,,2.0
bin_309,1.0,,1.0,4.0,5.0,,1.0,1.0,1.0,2.0,3.0,1.0,1.0,7.0,2.0,3.0,1.0,3.0,5.0,1.0,,,3.0
bin_31,,,,1.0,3.0,1.0,1.0,1.0,3.0,2.0,4.0,1.0,,4.0,2.0,2.0,1.0,3.0,4.0,3.0,,1.0,2.0
bin_310,1.0,,1.0,2.0,7.0,2.0,3.0,2.0,3.0,2.0,3.0,1.0,,5.0,1.0,3.0,1.0,4.0,5.0,3.0,1.0,1.0,3.0
bin_311,,,,1.0,2.0,,2.0,1.0,1.0,,2.0,,,3.0,1.0,3.0,,,,,,,3.0
bin_312,,,,2.0,4.0,1.0,2.0,,1.0,1.0,1.0,1.0,,3.0,2.0,3.0,2.0,3.0,4.0,1.0,,,3.0
bin_313,2.0,,,,4.0,,1.0,1.0,2.0,2.0,3.0,1.0,,5.0,2.0,1.0,1.0,3.0,4.0,3.0,,1.0,2.0
bin_314,1.0,,1.0,2.0,4.0,,1.0,1.0,2.0,2.0,3.0,1.0,,5.0,2.0,3.0,1.0,3.0,4.0,3.0,1.0,1.0,3.0
bin_315,,,,1.0,4.0,1.0,1.0,1.0,1.0,2.0,2.0,1.0,,4.0,4.0,2.0,1.0,1.0,5.0,5.0,1.0,1.0,4.0
bin_316,,,1.0,2.0,5.0,1.0,,2.0,1.0,2.0,3.0,,,4.0,2.0,3.0,1.0,2.0,6.0,1.0,,,3.0
bin_317,,,,1.0,2.0,,1.0,1.0,,,1.0,1.0,,5.0,2.0,1.0,1.0,3.0,2.0,2.0,1.0,1.0,3.0
bin_318,,,1.0,,5.0,2.0,,,,2.0,5.0,2.0,,4.0,2.0,3.0,2.0,3.0,4.0,3.0,2.0,2.0,4.0
bin_319,,,,2.0,2.0,,,2.0,2.0,2.0,1.0,1.0,,3.0,1.0,2.0,,3.0,6.0,1.0,,,2.0
bin_32,,,1.0,2.0,5.0,,1.0,,,2.0,1.0,1.0,1.0,4.0,2.0,2.0,1.0,3.0,3.0,1.0,1.0,,2.0
bin_320,1.0,1.0,1.0,3.0,5.0,2.0,1.0,1.0,2.0,3.0,3.0,1.0,1.0,5.0,2.0,3.0,1.0,3.0,7.0,3.0,1.0,1.0,3.0
bin_321,1.0,1.0,1.0,,2.0,1.0,,1.0,1.0,1.0,3.0,,1.0,3.0,,,1.0,3.0,1.0,3.0,,,3.0
bin_322,,,,1.0,5.0,1.0,1.0,1.0,1.0,1.0,2.0,,,5.0,1.0,3.0,,3.0,5.0,2.0,1.0,,4.0
bin_323,1.0,,1.0,3.0,6.0,1.0,1.0,1.0,2.0,3.0,4.0,1.0,1.0,4.0,2.0,2.0,1.0,3.0,4.0,3.0,1.0,1.0,4.0
bin_324,1.0,,1.0,3.0,6.0,1.0,1.0,1.0,2.0,2.0,3.0,1.0,1.0,5.0,1.0,3.0,1.0,3.0,5.0,3.0,1.0,1.0,3.0
bin_325,,,,,4.0,1.0,,,,2.0,4.0,1.0,,4.0,,3.0,,1.0,4.0,2.0,1.0,1.0,2.0
bin_326,,,,5.0,6.0,1.0,1.0,1.0,2.0,2.0,4.0,1.0,,5.0,3.0,2.0,1.0,3.0,5.0,3.0,1.0,1.0,3.0
bin_327,1.0,1.0,1.0,3.0,5.0,1.0,1.0,1.0,2.0,2.0,3.0,1.0,,5.0,2.0,3.0,1.0,3.0,4.0,4.0,1.0,1.0,3.0
bin_328,,,,1.0,2.0,,,1.0,2.0,,1.0,,,4.0,,4.0,1.0,,3.0,1.0,,,1.0
bin_329,,,,2.0,4.0,1.0,1.0,1.0,2.0,2.0,3.0,1.0,,5.0,2.0,3.0,1.0,3.0,5.0,4.0,1.0,1.0,2.0
bin_33,,,1.0,2.0,4.0,,1.0,,1.0,2.0,1.0,1.0,,5.0,2.0,2.0,1.0,3.0,5.0,2.0,,,3.0
bin_330,,,,2.0,5.0,,1.0,1.0,1.0,1.0,,1.0,,3.0,1.0,2.0,2.0,1.0,2.0,1.0,,,3.0
bin_331,,,,4.0,6.0,1.0,1.0,1.0,2.0,3.0,4.0,1.0,,6.0,2.0,3.0,1.0,4.0,5.0,4.0,1.0,2.0,3.0
bin_332,,,,1.0,4.0,1.0,1.0,1.0,1.0,1.0,2.0,1.0,,5.0,2.0,3.0,2.0,3.0,4.0,3.0,,1.0,3.0
bin_333,,,,2.0,5.0,,1.0,1.0,2.0,2.0,3.0,1.0,,5.0,2.0,3.0,1.0,3.0,3.0,2.0,1.0,,3.0
bin_334,,,,2.0,,,,1.0,,2.0,1.0,1.0,,2.0,,,1.0,3.0,5.0,2.0,1.0,1.0,2.0
bin_335,,,,2.0,5.0,1.0,1.0,1.0,2.0,1.0,3.0,1.0,,5.0,2.0,3.0,1.0,2.0,5.0,3.0,1.0,1.0,3.0
bin_336,,,,2.0,2.0,1.0,1.0,1.0,2.0,2.0,5.0,1.0,,2.0,1.0,4.0,,,1.0,1.0,1.0,1.0,2.0
bin_337,1.0,1.0,1.0,5.0,5.0,,1.0,1.0,3.0,2.0,3.0,1.0,1.0,5.0,2.0,2.0,2.0,3.0,5.0,3.0,1.0,1.0,3.0
bin_338,3.0,1.0,1.0,1.0,4.0,,1.0,2.0,2.0,2.0,4.0,1.0,1.0,4.0,2.0,3.0,1.0,3.0,4.0,3.0,1.0,1.0,2.0
bin_339,1.0,1.0,1.0,3.0,3.0,1.0,1.0,1.0,1.0,1.0,2.0,1.0,1.0,3.0,1.0,2.0,1.0,4.0,4.0,2.0,,,3.0
bin_34,,,,1.0,4.0,1.0,1.0,1.0,1.0,1.0,2.0,1.0,,5.0,1.0,3.0,1.0,3.0,4.0,3.0,,1.0,1.0
bin_340,1.0,1.0,1.0,1.0,4.0,1.0,1.0,2.0,2.0,2.0,3.0,1.0,1.0,5.0,2.0,3.0,,3.0,4.0,3.0,,,2.0
bin_341,1.0,1.0,,3.0,5.0,1.0,1.0,1.0,1.0,2.0,3.0,1.0,1.0,5.0,2.0,3.0,1.0,2.0,4.0,3.0,1.0,1.0,3.0
bin_342,2.0,,,2.0,6.0,1.0,1.0,1.0,2.0,2.0,2.0,1.0,2.0,5.0,1.0,2.0,,2.0,4.0,2.0,1.0,1.0,3.0
bin_343,,,1.0,2.0,5.0,,1.0,1.0,2.0,2.0,3.0,1.0,,5.0,2.0,3.0,1.0,3.0,5.0,3.0,1.0,1.0,3.0
bin_344,,,1.0,1.0,3.0,1.0,1.0,1.0,2.0,2.0,2.0,1.0,,4.0,2.0,,,4.0,3.0,2.0,,1.0,3.0
bin_345,,,,4.0,5.0,1.0,,1.0,1.0,1.0,2.0,,,4.0,2.0,1.0,,2.0,2.0,3.0,,1.0,3.0
bin_346,,,,1.0,2.0,,1.0,,1.0,1.0,2.0,1.0,,3.0,2.0,1.0,1.0,2.0,,1.0,,,2.0
bin_347,,,,1.0,2.0,,1.0,,2.0,1.0,2.0,,1.0,5.0,2.0,2.0,1.0,3.0,3.0,3.0,1.0,1.0,2.0
bin_348,,,1.0,2.0,4.0,1.0,1.0,1.0,2.0,2.0,3.0,1.0,,5.0,2.0,3.0,1.0,3.0,5.0,3.0,1.0,1.0,3.0
bin_349,,,1.0,3.0,5.0,1.0,1.0,1.0,2.0,,2.0,1.0,1.0,4.0,2.0,3.0,,3.0,4.0,3.0,1.0,1.0,1.0
bin_35,,,,2.0,2.0,,1.0,1.0,2.0,2.0,2.0,,,5.0,1.0,2.0,1.0,2.0,3.0,1.0,,,3.0
bin_350,,,,2.0,3.0,,,,2.0,2.0,1.0,1.0,,4.0,2.0,2.0,1.0,2.0,4.0,1.0,,,2.0
bin_351,,,,2.0,3.0,,1.0,1.0,2.0,2.0,3.0,1.0,,5.0,1.0,3.0,1.0,2.0,2.0,3.0,,,1.0
bin_352,,,,2.0,4.0,1.0,1.0,1.0,1.0,2.0,3.0,,,3.0,1.0,3.0,1.0,3.0,3.0,3.0,1.0,1.0,3.0
bin_353,,,2.0,2.0,4.0,1.0,2.0,2.0,2.0,2.0,3.0,1.0,,5.0,2.0,3.0,1.0,3.0,5.0,3.0,1.0,1.0,3.0
bin_354,1.0,1.0,1.0,3.0,5.0,1.0,1.0,1.0,2.0,2.0,3.0,1.0,1.0,5.0,3.0,3.0,1.0,3.0,4.0,3.0,1.0,1.0,3.0
bin_355,2.0,1.0,1.0,3.0,5.0,1.0,1.0,1.0,2.0,2.0,3.0,1.0,1.0,5.0,2.0,3.0,1.0,3.0,5.0,3.0,1.0,1.0,3.0
bin_356,,,,1.0,3.0,1.0,1.0,1.0,,,2.0,,1.0,4.0,,1.0,1.0,2.0,5.0,2.0,1.0,1.0,3.0
bin_357,1.0,1.0,1.0,2.0,4.0,1.0,1.0,1.0,1.0,2.0,3.0,1.0,1.0,5.0,1.0,3.0,1.0,3.0,4.0,3.0,1.0,1.0,2.0
bin_358,,,,1.0,4.0,1.0,2.0,1.0,2.0,1.0,5.0,1.0,,6.0,2.0,4.0,1.0,4.0,5.0,3.0,1.0,1.0,3.0
bin_359,1.0,1.0,1.0,3.0,5.0,1.0,1.0,1.0,2.0,2.0,3.0,1.0,1.0,5.0,2.0,4.0,1.0,3.0,3.0,3.0,1.0,1.0,3.0
bin_36,,,1.0,1.0,4.0,,,,2.0,2.0,1.0,1.0,,3.0,2.0,,,2.0,3.0,3.0,,1.0,
bin_360,1.0,1.0,1.0,2.0,1.0,,1.0,1.0,1.0,2.0,2.0,,1.0,3.0,1.0,1.0,1.0,2.0,3.0,1.0,,,3.0
bin_361,,,,4.0,6.0,2.0,1.0,1.0,2.0,2.0,4.0,1.0,1.0,5.0,2.0,3.0,1.0,3.0,6.0,3.0,1.0,1.0,3.0
bin_362,,1.0,1.0,1.0,4.0,1.0,1.0,1.0,2.0,1.0,3.0,,,5.0,1.0,3.0,1.0,3.0,3.0,2.0,1.0,2.0,2.0
bin_363,1.0,1.0,,1.0,4.0,1.0,1.0,1.0,2.0,2.0,2.0,2.0,2.0,4.0,2.0,2.0,1.0,1.0,4.0,2.0,,,2.0
bin_364,,,1.0,2.0,3.0,1.0,1.0,,3.0,1.0,3.0,1.0,,3.0,2.0,2.0,1.0,2.0,5.0,3.0,1.0,1.0,3.0
bin_365,1.0,,,,4.0,1.0,,,,3.0,1.0,1.0,1.0,3.0,2.0,,1.0,2.0,3.0,2.0,,1.0,2.0
bin_366,,,,1.0,4.0,1.0,1.0,1.0,1.0,1.0,4.0,1.0,,5.0,1.0,3.0,1.0,3.0,3.0,4.0,1.0,3.0,2.0
bin_367,,,1.0,2.0,5.0,1.0,1.0,1.0,2.0,2.0,3.0,1.0,1.0,4.0,2.0,1.0,1.0,3.0,5.0,3.0,1.0,1.0,3.0
bin_368,,,,2.0,3.0,,1.0,1.0,2.0,1.0,2.0,1.0,,3.0,1.0,1.0,1.0,3.0,4.0,3.0,1.0,1.0,3.0
bin_369,1.0,1.0,1.0,3.0,4.0,1.0,2.0,2.0,2.0,1.0,4.0,2.0,1.0,7.0,2.0,2.0,2.0,3.0,5.0,2.0,1.0,1.0,3.0
bin_37,,,,2.0,3.0,1.0,1.0,,2.0,,4.0,,,5.0,2.0,2.0,1.0,3.0,2.0,3.0,1.0,1.0,3.0
bin_370,1.0,,1.0,4.0,5.0,1.0,1.0,1.0,2.0,2.0,3.0,1.0,2.0,5.0,2.0,3.0,1.0,3.0,4.0,3.0,1.0,1.0,4.0
bin_371,,,,1.0,3.0,,,1.0,1.0,1.0,4.0,,,3.0,1.0,2.0,1.0,3.0,4.0,2.0,1.0,1.0,4.0
bin_372,,,1.0,3.0,5.0,1.0,1.0,1.0,2.0,2.0,3.0,1.0,1.0,5.0,2.0,3.0,1.0,3.0,5.0,3.0,1.0,1.0,2.0
bin_373,,,,2.0,3.0,1.0,1.0,1.0,1.0,2.0,1.0,1.0,,3.0,2.0,2.0,1.0,3.0,5.0,3.0,1.0,,2.0
bin_374,1.0,1.0,1.0,3.0,3.0,,,,1.0,,2.0,,,,1.0,2.0,,3.0,1.0,1.0,,,3.0
bin_375,,,,1.0,2.0,,,2.0,2.0,1.0,1.0,,1.0,2.0,1.0,2.0,,1.0,2.0,1.0,,,3.0
bin_376,,,1.0,1.0,4.0,1.0,1.0,2.0,2.0,2.0,3.0,1.0,,5.0,2.0,3.0,1.0,3.0,4.0,3.0,1.0,1.0,2.0
bin_377,1.0,1.0,1.0,3.0,5.0,,1.0,1.0,2.0,2.0,1.0,,2.0,3.0,2.0,1.0,1.0,3.0,3.0,3.0,1.0,1.0,3.0
bin_378,,,,4.0,5.0,1.0,1.0,1.0,2.0,2.0,4.0,1.0,2.0,5.0,2.0,3.0,1.0,4.0,5.0,3.0,1.0,1.0,3.0
bin_379,,1.0,,3.0,4.0,1.0,1.0,1.0,1.0,1.0,3.0,1.0,,4.0,1.0,3.0,1.0,3.0,4.0,3.0,1.0,1.0,2.0
bin_38,,,1.0,2.0,5.0,1.0,1.0,1.0,2.0,1.0,5.0,1.0,,5.0,1.0,3.0,1.0,3.0,6.0,3.0,2.0,1.0,3.0
bin_380,,,,2.0,5.0,1.0,1.0,1.0,2.0,2.0,2.0,1.0,,5.0,2.0,3.0,1.0,3.0,4.0,1.0,1.0,,3.0
bin_381,,,,2.0,3.0,1.0,,1.0,1.0,,2.0,,,2.0,,1.0,1.0,1.0,4.0,2.0,,1.0,2.0
bin_382,,,,3.0,4.0,,,1.0,2.0,1.0,3.0,1.0,1.0,3.0,2.0,2.0,,2.0,5.0,2.0,1.0,1.0,2.0
bin_383,1.0,,,1.0,2.0,1.0,1.0,,2.0,1.0,,1.0,1.0,3.0,2.0,1.0,,,2.0,2.0,1.0,,
bin_384,1.0,,,3.0,5.0,1.0,1.0,1.0,3.0,3.0,4.0,1.0,,5.0,2.0,3.0,1.0,3.0,5.0,4.0,1.0,1.0,3.0
bin_385,,,,2.0,2.0,,1.0,,1.0,2.0,2.0,,,4.0,1.0,3.0,,2.0,1.0,1.0,,,2.0
bin_386,1.0,1.0,1.0,3.0,5.0,,1.0,1.0,2.0,2.0,4.0,1.0,1.0,5.0,2.0,3.0,1.0,3.0,6.0,1.0,1.0,,3.0
bin_387,,,1.0,2.0,3.0,,1.0,1.0,1.0,1.0,3.0,1.0,,4.0,2.0,3.0,1.0,3.0,4.0,3.0,1.0,1.0,4.0
bin_388,,,1.0,1.0,,,1.0,,,,1.0,1.0,,1.0,1.0,,,2.0,1.0,2.0,,,1.0
bin_389,,,,,3.0,,,1.0,,,2.0,1.0,,5.0,1.0,1.0,1.0,3.0,3.0,2.0,1.0,1.0,1.0
bin_39,,,1.0,,5.0,1.0,1.0,1.0,2.0,2.0,3.0,1.0,,5.0,2.0,3.0,1.0,3.0,5.0,3.0,1.0,1.0,3.0
bin_390,,,1.0,2.0,4.0,1.0,1.0,,2.0,2.0,2.0,1.0,,6.0,1.0,3.0,,3.0,5.0,3.0,,1.0,2.0
bin_391,,,1.0,1.0,2.0,1.0,1.0,,2.0,3.0,,1.0,,4.0,2.0,1.0,2.0,2.0,4.0,3.0,2.0,1.0,1.0
bin_392,1.0,,1.0,3.0,4.0,2.0,1.0,1.0,2.0,1.0,3.0,1.0,1.0,4.0,2.0,3.0,1.0,3.0,6.0,3.0,2.0,1.0,4.0
bin_393,1.0,,1.0,2.0,3.0,1.0,,,2.0,1.0,2.0,1.0,1.0,5.0,2.0,2.0,1.0,3.0,2.0,1.0,1.0,,3.0
bin_394,1.0,,1.0,3.0,2.0,1.0,,,2.0,1.0,3.0,,1.0,2.0,,,1.0,3.0,1.0,,1.0,,2.0
bin_395,,,,,4.0,,2.0,1.0,3.0,2.0,3.0,1.0,,5.0,2.0,2.0,2.0,1.0,3.0,2.0,1.0,1.0,2.0
bin_396,,,1.0,3.0,5.0,,1.0,1.0,1.0,2.0,2.0,1.0,,5.0,1.0,3.0,1.0,2.0,6.0,1.0,1.0,,3.0
bin_397,2.0,1.0,,,4.0,,1.0,,3.0,2.0,4.0,1.0,,2.0,2.0,4.0,1.0,3.0,2.0,,1.0,,2.0
bin_398,,,,1.0,5.0,,,1.0,2.0,2.0,3.0,1.0,1.0,4.0,2.0,2.0,1.0,2.0,4.0,2.0,1.0,1.0,3.0
bin_399,1.0,1.0,1.0,5.0,2.0,1.0,1.0,1.0,2.0,1.0,3.0,1.0,,4.0,1.0,1.0,1.0,3.0,1.0,4.0,,,4.0
bin_4,1.0,,1.0,3.0,4.0,1.0,1.0,,2.0,2.0,2.0,1.0,1.0,5.0,2.0,3.0,1.0,1.0,4.0,3.0,1.0,1.0,2.0
bin_40,,,,2.0,3.0,1.0,2.0,,1.0,2.0,2.0,1.0,,4.0,1.0,1.0,,2.0,4.0,1.0,,,1.0
bin_400,,,,1.0,2.0,1.0,1.0,,2.0,2.0,1.0,,,2.0,1.0,3.0,1.0,4.0,1.0,2.0,1.0,1.0,3.0
bin_401,,,,2.0,4.0,,1.0,,2.0,1.0,2.0,1.0,,2.0,1.0,2.0,1.0,3.0,3.0,1.0,,,3.0
bin_402,2.0,1.0,1.0,3.0,5.0,1.0,1.0,,2.0,2.0,3.0,1.0,1.0,5.0,2.0,3.0,1.0,3.0,5.0,3.0,1.0,1.0,3.0
bin_403,1.0,,,2.0,3.0,1.0,1.0,1.0,1.0,2.0,3.0,,1.0,4.0,1.0,3.0,1.0,2.0,6.0,3.0,1.0,1.0,2.0
bin_404,,,1.0,2.0,7.0,1.0,1.0,,2.0,2.0,3.0,1.0,,5.0,2.0,3.0,1.0,2.0,4.0,1.0,1.0,,2.0
bin_405,,,,2.0,1.0,1.0,1.0,,2.0,1.0,1.0,,,4.0,2.0,2.0,1.0,3.0,5.0,1.0,1.0,,3.0
bin_406,,,,3.0,1.0,,,1.0,,2.0,2.0,,,2.0,,1.0,,,,1.0,,,
bin_407,,,,3.0,3.0,,,,2.0,1.0,2.0,1.0,,3.0,3.0,,1.0,3.0,7.0,1.0,,,1.0
bin_41,,,,1.0,4.0,1.0,1.0,1.0,2.0,2.0,2.0,1.0,,4.0,2.0,3.0,1.0,3.0,4.0,1.0,1.0,,3.0
bin_42,1.0,,1.0,3.0,5.0,1.0,1.0,1.0,2.0,2.0,1.0,1.0,1.0,5.0,2.0,4.0,1.0,3.0,3.0,2.0,1.0,,3.0
bin_43,,,,3.0,5.0,1.0,1.0,1.0,2.0,2.0,3.0,1.0,1.0,5.0,2.0,3.0,1.0,3.0,5.0,3.0,1.0,1.0,3.0
bin_44,1.0,,,2.0,3.0,2.0,1.0,1.0,2.0,2.0,3.0,1.0,2.0,4.0,2.0,2.0,1.0,3.0,4.0,3.0,1.0,1.0,2.0
bin_45,,,,2.0,5.0,1.0,1.0,2.0,1.0,1.0,3.0,1.0,,3.0,2.0,3.0,,2.0,2.0,3.0,1.0,1.0,2.0
bin_46,1.0,,,3.0,5.0,1.0,1.0,1.0,1.0,2.0,3.0,1.0,1.0,5.0,2.0,2.0,1.0,2.0,3.0,3.0,1.0,1.0,2.0
bin_47,,,1.0,1.0,5.0,1.0,1.0,1.0,1.0,2.0,3.0,1.0,,5.0,2.0,3.0,1.0,1.0,6.0,3.0,1.0,1.0,3.0
bin_48,,1.0,,1.0,4.0,,1.0,,3.0,2.0,3.0,1.0,2.0,2.0,1.0,2.0,1.0,1.0,3.0,3.0,1.0,1.0,2.0
bin_49,,,,2.0,3.0,1.0,1.0,2.0,2.0,4.0,2.0,2.0,,4.0,,2.0,,3.0,3.0,2.0,1.0,,2.0
bin_5,,,,,2.0,1.0,1.0,2.0,,1.0,2.0,1.0,,4.0,1.0,2.0,1.0,3.0,4.0,3.0,1.0,1.0,3.0
bin_50,1.0,,,2.0,5.0,1.0,1.0,1.0,1.0,1.0,4.0,1.0,1.0,4.0,2.0,3.0,1.0,2.0,2.0,2.0,1.0,1.0,2.0
bin_51,1.0,1.0,1.0,3.0,5.0,1.0,1.0,1.0,1.0,2.0,4.0,1.0,2.0,5.0,2.0,3.0,1.0,3.0,5.0,3.0,1.0,1.0,3.0
bin_52,,,1.0,,2.0,,,1.0,2.0,2.0,2.0,,,4.0,1.0,3.0,1.0,4.0,5.0,,1.0,,3.0
bin_53,1.0,1.0,1.0,3.0,5.0,1.0,,1.0,2.0,2.0,3.0,1.0,2.0,4.0,1.0,2.0,,2.0,4.0,3.0,1.0,2.0,2.0
bin_54,2.0,1.0,1.0,3.0,6.0,2.0,1.0,1.0,2.0,2.0,3.0,1.0,1.0,6.0,2.0,3.0,1.0,3.0,5.0,3.0,1.0,1.0,3.0
bin_55,,,1.0,2.0,3.0,1.0,,1.0,2.0,,2.0,1.0,,4.0,2.0,1.0,1.0,3.0,3.0,1.0,1.0,,3.0
bin_56,,1.0,1.0,3.0,3.0,1.0,1.0,1.0,1.0,,1.0,1.0,,5.0,1.0,4.0,1.0,1.0,2.0,1.0,1.0,,3.0
bin_57,1.0,1.0,1.0,2.0,5.0,1.0,1.0,1.0,2.0,2.0,3.0,1.0,1.0,5.0,2.0,3.0,1.0,3.0,4.0,3.0,1.0,1.0,2.0
bin_58,,,1.0,2.0,5.0,1.0,,1.0,2.0,2.0,1.0,1.0,,5.0,2.0,3.0,1.0,2.0,4.0,2.0,1.0,1.0,2.0
bin_59,1.0,,,3.0,5.0,2.0,1.0,1.0,2.0,3.0,3.0,1.0,2.0,5.0,2.0,2.0,1.0,3.0,5.0,6.0,2.0,2.0,3.0
bin_6,,,,2.0,4.0,,,1.0,1.0,2.0,2.0,,,4.0,,1.0,,3.0,1.0,1.0,,,1.0
bin_60,1.0,,,2.0,5.0,,1.0,1.0,2.0,2.0,3.0,1.0,,4.0,2.0,3.0,1.0,3.0,4.0,3.0,1.0,1.0,3.0
bin_61,1.0,1.0,1.0,3.0,5.0,1.0,1.0,1.0,1.0,1.0,3.0,1.0,1.0,4.0,2.0,3.0,1.0,3.0,4.0,3.0,1.0,1.0,2.0
bin_62,,,1.0,,4.0,2.0,1.0,1.0,1.0,1.0,1.0,1.0,,3.0,2.0,3.0,1.0,1.0,1.0,,,,
bin_63,1.0,1.0,1.0,3.0,9.0,2.0,2.0,1.0,4.0,2.0,5.0,1.0,1.0,10.0,2.0,4.0,2.0,3.0,5.0,5.0,1.0,1.0,4.0
bin_64,2.0,1.0,2.0,4.0,4.0,1.0,1.0,1.0,2.0,2.0,5.0,1.0,2.0,5.0,2.0,3.0,1.0,3.0,6.0,3.0,1.0,1.0,3.0
bin_65,,,1.0,2.0,3.0,1.0,1.0,1.0,1.0,2.0,1.0,1.0,1.0,3.0,,2.0,1.0,3.0,2.0,2.0,,,3.0
bin_66,,,,1.0,4.0,1.0,2.0,1.0,2.0,1.0,5.0,1.0,,4.0,1.0,3.0,2.0,2.0,2.0,2.0,2.0,2.0,2.0
bin_67,1.0,1.0,1.0,3.0,5.0,2.0,1.0,1.0,2.0,2.0,2.0,1.0,2.0,5.0,2.0,,,3.0,4.0,3.0,1.0,1.0,4.0
bin_68,,,1.0,2.0,5.0,,1.0,1.0,2.0,1.0,4.0,1.0,,5.0,1.0,3.0,1.0,,4.0,,1.0,,2.0
bin_69,,,1.0,1.0,1.0,,,,,1.0,,1.0,,2.0,,1.0,,,1.0,1.0,,,
bin_7,1.0,,1.0,2.0,5.0,1.0,1.0,1.0,2.0,2.0,3.0,2.0,,5.0,2.0,2.0,1.0,4.0,5.0,2.0,1.0,1.0,3.0
bin_70,,,,,2.0,,,,1.0,1.0,3.0,2.0,,4.0,1.0,1.0,,2.0,1.0,,,,3.0
bin_71,1.0,,1.0,2.0,6.0,1.0,,,2.0,2.0,2.0,1.0,,2.0,2.0,1.0,,1.0,5.0,3.0,,,
bin_72,,,,2.0,4.0,1.0,1.0,1.0,,2.0,1.0,1.0,,5.0,2.0,2.0,,3.0,3.0,3.0,1.0,1.0,3.0
bin_73,,,1.0,2.0,2.0,1.0,1.0,1.0,1.0,1.0,1.0,1.0,,2.0,1.0,,1.0,3.0,2.0,1.0,,,3.0
bin_74,1.0,1.0,,6.0,5.0,,1.0,1.0,2.0,3.0,4.0,1.0,1.0,7.0,2.0,3.0,1.0,3.0,5.0,6.0,1.0,1.0,3.0
bin_75,,,,1.0,4.0,1.0,1.0,1.0,,1.0,,1.0,,4.0,1.0,2.0,1.0,3.0,2.0,1.0,,,3.0
bin_76,1.0,,,2.0,5.0,1.0,1.0,1.0,2.0,2.0,3.0,1.0,2.0,5.0,2.0,3.0,1.0,3.0,4.0,3.0,1.0,1.0,3.0
bin_77,,,2.0,,3.0,,,1.0,1.0,1.0,3.0,,,3.0,1.0,3.0,1.0,1.0,4.0,3.0,1.0,1.0,1.0
bin_78,,,1.0,2.0,6.0,1.0,1.0,1.0,1.0,3.0,3.0,2.0,,5.0,2.0,3.0,1.0,3.0,4.0,3.0,2.0,1.0,3.0
bin_79,,,,3.0,3.0,1.0,1.0,1.0,2.0,1.0,2.0,1.0,,3.0,1.0,,1.0,1.0,3.0,3.0,,,3.0
bin_8,,,,1.0,5.0,1.0,1.0,1.0,1.0,2.0,2.0,1.0,,5.0,1.0,2.0,,3.0,5.0,2.0,1.0,,3.0
bin_80,1.0,1.0,1.0,3.0,6.0,1.0,1.0,1.0,1.0,1.0,4.0,1.0,1.0,5.0,2.0,3.0,1.0,3.0,5.0,3.0,1.0,1.0,3.0
bin_81,,,,2.0,5.0,1.0,1.0,1.0,1.0,2.0,3.0,1.0,1.0,6.0,1.0,1.0,,6.0,5.0,1.0,,,2.0
bin_82,,,1.0,,3.0,,1.0,,2.0,1.0,1.0,1.0,,4.0,1.0,3.0,1.0,3.0,3.0,2.0,1.0,1.0,
bin_83,,,1.0,1.0,5.0,1.0,,1.0,1.0,,2.0,1.0,,3.0,2.0,2.0,1.0,2.0,5.0,3.0,1.0,1.0,2.0
bin_84,1.0,,,1.0,5.0,2.0,1.0,,,1.0,2.0,,,5.0,2.0,2.0,1.0,1.0,1.0,2.0,,,2.0
bin_85,2.0,1.0,1.0,3.0,4.0,1.0,1.0,1.0,1.0,2.0,3.0,1.0,1.0,5.0,2.0,3.0,,3.0,4.0,3.0,1.0,1.0,3.0
bin_86,,,,2.0,5.0,1.0,1.0,1.0,2.0,1.0,3.0,1.0,,4.0,2.0,3.0,1.0,3.0,5.0,3.0,2.0,1.0,3.0
bin_87,,,,3.0,4.0,1.0,2.0,1.0,1.0,1.0,3.0,1.0,,5.0,2.0,3.0,1.0,2.0,4.0,3.0,1.0,1.0,3.0
bin_88,,,,3.0,5.0,1.0,1.0,,,2.0,2.0,1.0,,5.0,1.0,2.0,1.0,3.0,4.0,4.0,1.0,1.0,3.0
bin_89,3.0,3.0,3.0,5.0,4.0,1.0,2.0,1.0,2.0,2.0,3.0,2.0,3.0,5.0,2.0,3.0,1.0,3.0,5.0,3.0,2.0,1.0,3.0
bin_9,,,,3.0,4.0,1.0,1.0,1.0,2.0,2.0,2.0,1.0,,5.0,2.0,1.0,1.0,3.0,5.0,1.0,1.0,,2.0
bin_90,1.0,,,2.0,5.0,1.0,1.0,1.0,2.0,2.0,3.0,1.0,,5.0,2.0,3.0,1.0,3.0,5.0,3.0,1.0,1.0,3.0
bin_91,,,1.0,2.0,4.0,,,,1.0,,2.0,1.0,,1.0,1.0,,,1.0,,1.0,,,1.0
bin_92,,,,1.0,4.0,1.0,1.0,1.0,1.0,1.0,2.0,1.0,,5.0,2.0,3.0,1.0,3.0,4.0,3.0,1.0,1.0,2.0
bin_93,,,,3.0,6.0,1.0,1.0,2.0,2.0,2.0,3.0,1.0,,6.0,2.0,3.0,1.0,3.0,5.0,3.0,,1.0,3.0
bin_94,1.0,,,2.0,7.0,,,1.0,2.0,2.0,4.0,1.0,1.0,5.0,2.0,3.0,1.0,2.0,4.0,3.0,1.0,1.0,2.0
bin_95,2.0,1.0,1.0,1.0,4.0,1.0,1.0,1.0,1.0,1.0,3.0,1.0,,5.0,2.0,3.0,1.0,3.0,3.0,3.0,1.0,1.0,1.0
bin_96,1.0,1.0,1.0,3.0,4.0,1.0,1.0,1.0,2.0,2.0,3.0,1.0,1.0,5.0,1.0,2.0,1.0,2.0,5.0,3.0,1.0,1.0,3.0
bin_97,,,4.0,5.0,5.0,2.0,3.0,,3.0,1.0,4.0,1.0,,5.0,3.0,3.0,1.0,4.0,6.0,3.0,,2.0,5.0
bin_98,,,,1.0,3.0,1.0,1.0,2.0,2.0,1.0,4.0,1.0,,5.0,2.0,3.0,,3.0,5.0,3.0,1.0,1.0,3.0
bin_99,1.0,1.0,,2.0,4.0,,1.0,1.0,2.0,2.0,2.0,1.0,1.0,5.0,2.0,3.0,1.0,1.0,4.0,3.0,1.0,1.0,2.0
