"bin.taxa.name","bins","kingdom","phylum","class","order","family","genus","species","DCO_LLO_Bv4v5..QHF2_QH170212_2","DCO_LLO_Bv4v5..QHS2_QH170213_2","DCO_LLO_Bv4v5..BQS_BQ170220","DCO_LLO_Bv4v5..SIF_SI170217","DCO_LLO_Bv4v5..ESF9_ES_F9","DCO_LLO_Bv4v5..SIS_SI170217","DCO_LLO_Bv4v5..EPF_EP170215","DCO_LLO_Bv4v5..RSS_RS170216","DCO_LLO_Bv4v5..RSF_RS170216","DCO_LLO_Bv4v5..EPS_EP170215","DCO_LLO_Bv4v5..SLS_SL170214_S","DCO_LLO_Bv4v5..BRS1_BR170218_1","DCO_LLO_Bv4v5..BRS2_BR170218_2","DCO_LLO_Bv4v5..FAS_FA170219","DCO_LLO_Bv4v5..BRF1_BR170218_1","DCO_LLO_Bv4v5..BRF2_BR170218_2","DCO_LLO_Bv4v5..MTF_MT170219","DCO_LLO_Bv4v5..CYF_CY170214","DCO_LLO_Bv4v5..SLF_SL170214","DCO_LLO_Bv4v5..BQF_BQ170220","DCO_LLO_Bv4v5..QNF_QN170220","DCO_LLO_Bv4v5..QNS_QN170220","DCO_LLO_Bv4v5..CYS_CY170214","DCO_LLO_Bv4v5..ETS_ET170220","DCO_LLO_Bv4v5..RVF_RV170221","DCO_LLO_Bv4v5..TCF_TC170221","DCO_LLO_Bv4v5..TCS_TC170221_2","cluster"
"bin_348, Bacteria, Zixibacteria, MSB~A5, UBA10806, 4484~95","bin_348","Bacteria","Zixibacteria","MSB~A5","UBA10806","4484~95","","",0,0,0,0,0,0,0,0,0.041019953,0,0,0,35.52661971,3.292054652,0.076610954,4.206165386,0.030893598,0,0.04523776,0,0.049187451,0,0.050794461,1.678477523,0,0.032115191,0,2
"bin_332, Bacteria, Proteobacteria, Gammaproteobacteria, Betaproteobacteriales, Burkholderiaceae, Caldimonas","bin_332","Bacteria","Proteobacteria","Gammaproteobacteria","Betaproteobacteriales","Burkholderiaceae","Caldimonas","",0,0.038330767,0,1.035290576,1.419002275,0.165808403,0.219103694,0.152177814,0.30689118,0.123410565,0.060817457,0.276591591,0.508513559,0.332518732,64.80873647,4.016680953,54.35980117,5.341075101,2.407021268,0,2.135715728,0.413449115,3.515593194,0.180166721,3.529054484,2.742087922,0.195051235,2
"bin_253, Archaea, Crenarchaeota, Nitrososphaeria, Nitrososphaerales, Nitrososphaeraceae, Nitrososphaera","bin_253","Archaea","Crenarchaeota","Nitrososphaeria","Nitrososphaerales","Nitrososphaeraceae","Nitrososphaera","",0,0,0,0,0,0,0,0,0.032985833,0,0,0,0.033805505,0,0,0,0.055598191,0,0,0,0,0,0.195410784,50.84189826,0.485680974,0.166852956,0,2
"bin_183, Bacteria, Proteobacteria, Gammaproteobacteria, Enterobacterales, Alteromonadaceae, Alishewanella, agri","bin_183","Bacteria","Proteobacteria","Gammaproteobacteria","Enterobacterales","Alteromonadaceae","Alishewanella","agri",0,0,0,0.473271405,0.541045637,0,0,0,0.08273491,0,0,0,0,0,300.4666245,3.03597275,0.050793872,0,0.058698247,0,0.14287694,0,0.055408529,0,0.033546646,0.07924855,0,2
"bin_57, Bacteria, Bacteroidota, Ignavibacteria, Ignavibacteriales, Ignavibacteriaceae, Ignavibacterium","bin_57","Bacteria","Bacteroidota","Ignavibacteria","Ignavibacteriales","Ignavibacteriaceae","Ignavibacterium","",0.961946125,11.98088581,0,0,0,0,0,0,0,0,0,0,0.079192161,0.249824724,0,0,1.575171774,0,0.034130645,0,0,0,0.10475249,0,0,0.379319249,0.359858782,2
"bin_179, Bacteria, Bacteroidota, Ignavibacteria, Ignavibacteriales, Ignavibacteriaceae, Ignavibacterium","bin_179","Bacteria","Bacteroidota","Ignavibacteria","Ignavibacteriales","Ignavibacteriaceae","Ignavibacterium","",3.077540223,42.78150223,0,0,0,0,0,0,0.047477374,0,0.037854391,0,0.030098315,0.285459791,0,0.062646928,2.080735362,0.033390057,0.087371111,0,0,0.074592051,0.173062788,0,0.042403905,0.509832039,0.403747583,2
"bin_325, Bacteria, Proteobacteria, Gammaproteobacteria, Enterobacterales, Alteromonadaceae, RheinheimeraA","bin_325","Bacteria","Proteobacteria","Gammaproteobacteria","Enterobacterales","Alteromonadaceae","RheinheimeraA","",0,0,0,0.073711254,0.124297521,0,0,0,0.04590582,0,0,0,0,0,65.46618974,7.463486087,0.040371582,0,0.081769738,0,0.111415627,0,0.035110016,0,0,0.087290739,0,2
"bin_361, Bacteria, Gemmatimonadota, Gemmatimonadetes, Gemmatimonadales, GWC2~71~9","bin_361","Bacteria","Gemmatimonadota","Gemmatimonadetes","Gemmatimonadales","GWC2~71~9","","",0,0,0,0,0.048333387,0.05411678,0.044882697,0.087980713,0.16036393,0.057548261,1.259682471,0.041417915,0.216676667,59.91542493,0,0.033314124,0.041580479,0.246157656,1.120377146,0,0.149343886,0.060855099,2.763785964,0.210263551,0.536866308,0.329950886,0.036601084,2
"bin_318, Bacteria, Proteobacteria, Gammaproteobacteria, Enterobacterales, Alteromonadaceae, RheinheimeraA","bin_318","Bacteria","Proteobacteria","Gammaproteobacteria","Enterobacterales","Alteromonadaceae","RheinheimeraA","",0,0,0,0.167378945,0.202864867,0,0,0,0.050630279,0,0,0,0,0,0.337722685,100.2133333,0.043600185,0,0.035089587,0,0.105935069,0,0,0,0,0.083953197,0,2
"bin_336, Bacteria, Firmicutes, Bacilli, Exiguobacterales, Exiguobacteraceae, Exiguobacterium, GCF001908175.1","bin_336","Bacteria","Firmicutes","Bacilli","Exiguobacterales","Exiguobacteraceae","Exiguobacterium","GCF001908175.1",0,0,0,0.27219891,0.596007509,0,0,0,0.090842338,0,0,0,0,0,1.439335402,104.9051269,1.033527965,0.06580089,0.104928148,0,0.035650809,0,0.047373321,0,0.742890153,0.60938269,0.034354329,2
"bin_395, Bacteria, Campylobacterota, Campylobacteria, Campylobacterales, Arcobacteraceae, Arcobacter","bin_395","Bacteria","Campylobacterota","Campylobacteria","Campylobacterales","Arcobacteraceae","Arcobacter","",0,0,0,0,0.031899861,0,0,0,0,0,0,0,0,0,0.592218712,33.18301797,0.082852809,0,0,0,0.113640364,0,0,0,0,1.126610401,0,2
"bin_322, Bacteria, Proteobacteria, Gammaproteobacteria, Betaproteobacteriales, Burkholderiaceae, GJ~E10","bin_322","Bacteria","Proteobacteria","Gammaproteobacteria","Betaproteobacteriales","Burkholderiaceae","GJ~E10","",0,0.053084422,0.038015402,0.362673338,0.600211719,0.560634768,0.625730255,0.341382978,0.450081023,0.246521488,0.088491986,0.057626296,33.59311226,1.252695855,0.541209025,2.225537723,0.234133503,0.183175675,3.097824938,0,1.442216254,0.386659598,2.027723407,0.458443797,0.227529798,2.846874537,0.446845138,2
"bin_195, Bacteria, Bacteroidota, Bacteroidia, Chitinophagales, Saprospiraceae","bin_195","Bacteria","Bacteroidota","Bacteroidia","Chitinophagales","Saprospiraceae","","",0,0,0,0,0.03373906,0.07798883,0,0,0.032219832,0,0.071217738,0,0,0,0.041893546,0,0.046656704,0,0.095702648,0,0.068933985,0,0.17481141,0.035488177,0,0.08117683,0.049294027,2
"bin_54, Bacteria, Gemmatimonadota, Gemmatimonadetes, Gemmatimonadales, GWC2~71~9","bin_54","Bacteria","Gemmatimonadota","Gemmatimonadetes","Gemmatimonadales","GWC2~71~9","","",0,0,0,0,0.040278889,0.03158601,0.045169075,0.074066803,0.142218969,0.060533367,0,6.429623682,61.68491812,0.488409223,3.333231695,4.504984644,0.140647062,0.033037985,0.268440334,0,0.155216675,0.061060251,0.571623526,0.248419629,0.472077837,0.21536329,0,2
"bin_133, Bacteria, KSB1, UBA2214, UBA2214","bin_133","Bacteria","KSB1","UBA2214","UBA2214","","","",0,0,0,0,0.044921044,0.030715728,0.051632558,0.064094604,0.107416332,0.046957609,0.196205212,0.036602628,14.55818076,0.057970473,1.275037723,0.480313364,0.034757156,0,0.632503558,0,0.167083568,0.043053873,0.531182888,0.293210518,0.036256289,0.107192575,0,2
"bin_252, Bacteria, Deinococcota, Deinococci, Deinococcales, Thermaceae, Meiothermus","bin_252","Bacteria","Deinococcota","Deinococci","Deinococcales","Thermaceae","Meiothermus","",0,0.037238502,0.088135198,0.35156648,0.85459322,16.41207842,0.208671406,0.06071569,0.163774677,0.13964895,0.135332744,0.119571735,0,0.153088238,0.423599541,0,1.87868241,0.494304935,1.808473325,0,0.082219505,0,0.226373368,0.066691712,0.197789365,18.21279676,0.514677402,2
"bin_11, Bacteria, Acidobacteriota, Mor1, Mor1","bin_11","Bacteria","Acidobacteriota","Mor1","Mor1","","","",0,0,0,0.04071727,0.07695434,0.067905668,0.088171541,0.167661991,0.245952577,0.101458144,0.063855201,0.087679081,0.126230311,7.621543402,0.064304231,0.062168611,0.069530599,0.337150871,0.777752934,0,0.303038561,0.086751797,452.9694603,0.300261733,0.071285911,0.302383178,0.044465908,2
"bin_353, Bacteria, Chloroflexota, Anaerolineae, SBR1031, AB","bin_353","Bacteria","Chloroflexota","Anaerolineae","SBR1031","AB","","",0,0,0,0,0.044159719,0.030389953,0,0,0,0,0,0,0,0,0.072836152,0,0.313861836,0.053383097,0.068263889,0,0.042690713,0,4.738570979,0.037755462,0,0.039788013,0,2
"bin_215, Bacteria, Bacteroidota, Ignavibacteria, Ignavibacteriales, Ignavibacteriaceae, Ignavibacterium","bin_215","Bacteria","Bacteroidota","Ignavibacteria","Ignavibacteriales","Ignavibacteriaceae","Ignavibacterium","",0,0,0,0,0,0,0,0.037281195,0.075986654,0,0,0,0,0,0,0.108700813,0.100682832,0,0.099480705,0,23.25316757,36.81248582,0,0.032769024,0.108353094,0.078096036,0,2
"bin_20, Bacteria, Cyanobacteriota, Cyanobacteriia, PCC~7407, PCC~7407","bin_20","Bacteria","Cyanobacteriota","Cyanobacteriia","PCC~7407","PCC~7407","","",0,0,0.109022879,2.177035183,4.247413646,18.36336135,0,0,0.031126801,0,0,0,0.092513176,0.056158889,0,0.231133323,0.055219549,0.971333062,0.06827034,0,0.043212281,0,0.198832005,0,0,0.042959476,0,2
"bin_137, Bacteria, Acidobacteriota, Acidobacteriae, Solibacterales, Solibacteraceae","bin_137","Bacteria","Acidobacteriota","Acidobacteriae","Solibacterales","Solibacteraceae","","",0,0.110585811,0.032532616,0.087577491,0.225567726,0.513720558,0.075893529,0.123887468,0.176777466,0.107911764,0.725648824,0,1.52987242,3.641194776,0.03257096,0.203280212,1.219043068,0.752000719,2.727021048,0,0.193374262,0.114768063,1.040853593,0.308922411,0.103756146,4.915965469,3.73408659,2
"bin_354, Bacteria, Bacteroidota, UBA10030, UBA10030","bin_354","Bacteria","Bacteroidota","UBA10030","UBA10030","","","",0,0,0,0,0,0,0.058710173,0.044750524,0.107828474,0.034213333,2.93975781,0,0.172650427,76.92385376,0,0,0.030434895,0.032920261,1.243088386,0,0.073365196,0.031613824,13.89211857,0.557389252,0.055288647,0.488307492,0.171803624,2
"bin_243, Bacteria, Bacteroidota, UBA10030, UBA10030","bin_243","Bacteria","Bacteroidota","UBA10030","UBA10030","","","",0,0,0,0,0,0,0.037649184,0.031935948,0.075048345,0.031222714,0,0.033722226,15.60810855,0.252041764,0.496182778,1.481098911,0.030415071,0,0.116699926,0,0.073525867,0,7.255303025,0.383452344,0,0.219756262,0.079191678,2
"bin_7, Bacteria, Acidobacteriota, Acidobacteriae, Solibacterales, Solibacteraceae","bin_7","Bacteria","Acidobacteriota","Acidobacteriae","Solibacterales","Solibacteraceae","","",0,0,0.044747425,0.107178966,0.239959525,0.569943259,0.066495579,0.124505095,0.194849819,0.10054683,0.769664602,0,19.44060702,4.069188093,0.119260888,1.51929099,1.672227441,0.738601748,3.005968627,0,0.225807445,0.127149648,1.06912266,0.240361538,0.122528517,5.077558839,3.664338596,2
"bin_213, Bacteria, Acidobacteriota, Thermoanaerobaculia","bin_213","Bacteria","Acidobacteriota","Thermoanaerobaculia","","","","",0,0,0.037088579,0.035416214,0.066674521,0.063494563,0.109150454,0.161959568,0.245254266,0.112998346,0.037371126,0.04357292,35.10751316,1.059929252,0.076762494,2.227537511,0.730556982,0.036623798,0.37572011,0,0.198585291,0.107610997,0.395752451,0.63887958,0.594185237,0.514558931,2.452685172,2
"bin_219, Bacteria, Proteobacteria, Gammaproteobacteria, Steroidobacterales, Steroidobacteraceae","bin_219","Bacteria","Proteobacteria","Gammaproteobacteria","Steroidobacterales","Steroidobacteraceae","","",0,0,0.032927128,0.214061403,0.3529701,0.227702651,0.140877837,0.17482174,0.327952395,0.121782802,0.108603668,0,1.285978801,0.077034962,0.227271491,0.255092665,0.27918241,1.015450918,1.449224113,0,1.046976902,0.205163885,1.531424404,0.415870754,0.165626483,1.231196184,0.240351824,2
"bin_384, Bacteria, Acidobacteriota, Thermoanaerobaculia, Thermoanaerobaculales, Thermoanaerobaculaceae","bin_384","Bacteria","Acidobacteriota","Thermoanaerobaculia","Thermoanaerobaculales","Thermoanaerobaculaceae","","",0,0,0.034699006,0.041746106,0.085134567,0.056766255,0.092575774,0.141401927,0.261264026,0.102647191,0.144493161,0.056107896,46.57212655,3.697783461,0.077329648,7.505624915,0.111809618,0.052872831,0.528108272,0,0.228476171,0.096624547,0.485278351,0.234025597,1.672331189,0.395161314,0.871782055,2
"bin_112, Archaea, Crenarchaeota, Nitrososphaeria, Nitrososphaerales, Nitrososphaeraceae, Nitrososphaera","bin_112","Archaea","Crenarchaeota","Nitrososphaeria","Nitrososphaerales","Nitrososphaeraceae","Nitrososphaera","",0,0,0,0,0,0,0,0,0.065877863,0,0,0,0.032955237,0,0,0,0.095524432,0,0.100126142,0,0.040303751,0,0.60879765,55.88619324,0.268335348,0.902050506,0,2
"bin_101, Bacteria, Chloroflexota, Anaerolineae, Thermoflexales","bin_101","Bacteria","Chloroflexota","Anaerolineae","Thermoflexales","","","",0,0,0.116473412,1.731042712,2.810208689,46.7363211,0.105830684,0.114276418,0.250749294,0.074090937,4.747092547,0.247713766,2.441348716,5.09848927,0.593981319,0.536682515,0.11335913,0.096029412,0.905390057,0,0.121364426,0.039976,0.204495692,0.172627327,0.164983307,0.176140613,0.081868651,2
"bin_21, Bacteria, KSB1, UBA2214, UBA2214","bin_21","Bacteria","KSB1","UBA2214","UBA2214","","","",0,0,0.044525385,0,0,0,0,0,0.062649672,0,0.046173297,0,0.032183883,0,0,0,0,0,0.381774016,0,0.103789109,0,6.077538752,158.9840235,0.092133838,0.125699861,0,2
"bin_282, Bacteria, Proteobacteria, Gammaproteobacteria, Pseudomonadales, Moraxellaceae, Acinetobacter, junii","bin_282","Bacteria","Proteobacteria","Gammaproteobacteria","Pseudomonadales","Moraxellaceae","Acinetobacter","junii",0,0,0,1.078739456,2.432904626,0,0,0,0,0,0,0,0,0,0.277883501,969.0402298,20.96710698,0,0,0,13.29630056,0,0,0.042482908,838.2213778,19.6685523,0,2
"bin_300, Bacteria, Acidobacteriota, Acidobacteriae, UBA7541, 2~02~FULL~67~57","bin_300","Bacteria","Acidobacteriota","Acidobacteriae","UBA7541","2~02~FULL~67~57","","",0,0,0,0.038291235,0.068250146,0.06574602,0.066211892,0.111783719,0.21244904,0.08084944,0.05071419,0,20.3101059,0.091738101,0.131618552,0.525219933,0.074009946,0.030123117,0.463537111,0,0.239373498,0.098797923,0.992495304,0.268826879,0.077315965,0.22484386,0.055490661,2
"bin_171, Bacteria, Planctomycetota, Planctomycetes, Planctomycetales, Planctomycetaceae","bin_171","Bacteria","Planctomycetota","Planctomycetes","Planctomycetales","Planctomycetaceae","","",0,0,0,0.056098081,0.120202789,0.118814437,0.118899398,0.181428734,0.278712344,0.134191706,0.030502414,0,0.764232358,0.340275255,0.152063082,0.259812268,0.22383936,0.476301316,0.742801577,0,0.654703704,0.070459716,1.932017835,0.26926907,0.073866506,0.875326886,0.054861705,2
"bin_374, Archaea, Crenarchaeota, Nitrososphaeria, Nitrososphaerales, Nitrososphaeraceae, Nitrososphaera","bin_374","Archaea","Crenarchaeota","Nitrososphaeria","Nitrososphaerales","Nitrososphaeraceae","Nitrososphaera","",0,0,0,0,0,0,0,0.049398651,0.095423915,0.032057589,0.037296704,0,0.218320803,0,0,0.085748854,0.084702555,0,0.050366618,0,0,0,0.221396879,184.7938284,0.115986602,0.222397638,0,2
"bin_155, Bacteria, UBP10, GR~WP33~30, UTPRO1","bin_155","Bacteria","UBP10","GR~WP33~30","UTPRO1","","","",0,0,0,0,0,0,0.04517383,0.037908897,0.085505841,0.037114921,0.221081695,0,45.01009934,11.87949929,0.085451185,4.472824014,0.048727098,0.081318115,0.246538106,0,0.085812213,0.031538701,2.877321066,9.61395175,1.605847412,0.083448293,0,2
"bin_370, Bacteria, Chloroflexota, Dehalococcoidia, SM23~28~2, SM23~28~2","bin_370","Bacteria","Chloroflexota","Dehalococcoidia","SM23~28~2","SM23~28~2","","",0,0,0,0.032986043,0.069989525,0.094227651,0.088353247,0.177102671,0.294383269,0.151561407,0.056842843,0.125830395,0.161060509,0.164729955,0.107919427,0.077935816,0.116257059,0.081932295,0.982186791,0,0.453202127,0.088171804,0.787742665,58.36293884,0.164778862,0.407429538,0.046111691,2
"bin_221, Bacteria, Acidobacteriota, Acidobacteriae, Solibacterales, Solibacteraceae","bin_221","Bacteria","Acidobacteriota","Acidobacteriae","Solibacterales","Solibacteraceae","","",0,0,0.057168532,0.046468942,0.111518056,0.114266428,0.112115023,0.194365109,0.30792428,0.160590704,3.083181428,0.344910779,18.01132183,3.480867144,0.142243044,1.678100925,0.19351351,0.064949955,1.17655211,0,0.241911274,0.11961064,0.856545246,0.431329213,0.073420197,0.513261518,0.202707459,2
"bin_63, Bacteria, Bipolaricaulota, Bipolaricaulia, RBG~16~55~9, RBG~16~55~9","bin_63","Bacteria","Bipolaricaulota","Bipolaricaulia","RBG~16~55~9","RBG~16~55~9","","",0,0.034116118,0,0,0,0.066321726,0.332075893,0,0.176630517,0.141347132,0.105587355,0.087433134,0.441999671,0.845385173,0.075217024,0.073289177,0.031224896,0.046075866,0.122733017,0,0.047483612,0,0.164825145,0.059236704,0,0.085765407,0,2
"bin_9, Bacteria, Acidobacteriota, Blastocatellia, Pyrinomonadales","bin_9","Bacteria","Acidobacteriota","Blastocatellia","Pyrinomonadales","","","",0,0,0,0,0,0,0,0.033698764,0.055182916,0,1.551634454,0,0.038204305,3.620565951,0,0,1.763274623,0.09386445,0.415843961,0,0.103566539,0,135.9380123,0.122932727,0,0.076037503,0,2
"bin_200, Bacteria, UBP10, GR~WP33~30, UTPRO1","bin_200","Bacteria","UBP10","GR~WP33~30","UTPRO1","","","",0,0,0,0,0,0,0,0,0.040847379,0,2.794542262,0,0,39.08833059,0,0,0.142339535,1.179714341,2.847663893,0,0.067487481,0,11.03759381,0.067180099,0.118322773,3.159664743,0.770319044,2
"bin_158, Bacteria, Bacteroidota, UBA10030, UBA10030","bin_158","Bacteria","Bacteroidota","UBA10030","UBA10030","","","",0,0,0,0,0,0,0,0,0.033970107,0,0,0,10.3140377,0.055561089,0.038589906,1.627768505,0.102918648,0,0.059342638,0,0.035733281,0,0.101453706,0.074868677,0,0,0,2
"bin_240, Bacteria, Chloroflexota","bin_240","Bacteria","Chloroflexota","","","","","",0,0.120328418,0,0,0.055029526,0.03763746,0.191040244,0.14187478,0.212308747,0.245279559,3.42426726,0,0.484726544,195.0022006,0,0.098419818,0.109569496,0.032452658,0.845073892,0,0.055887291,0.030216021,0.059253155,0.420032058,0.112995161,0.664969556,0.912492532,2
"bin_402, Bacteria, Chloroflexota","bin_402","Bacteria","Chloroflexota","","","","","",0,0.136688561,0.040587525,0,0.034727376,0,0.228296891,0.124134212,0.198674125,0.251496207,0.039692848,0,43.54901018,0.447482309,0.075420052,6.053178347,0.044588412,0,0.052966941,0,0.076296892,0.039188951,0.053485332,0.392281287,0.037233892,0.398928043,2.679579697,2
"bin_116, Bacteria, WOR~3, WOR~3, UBA2258","bin_116","Bacteria","WOR~3","WOR~3","UBA2258","","","",0,0,0,0,0,0.053808392,0.034442699,0,0.114924834,0,32.05785031,0,0,0,0,0.035626759,0,0,0.345538703,0,0,0,0,0,0,0,0,2
"bin_356, Bacteria, Desulfobacterota, BSN033, BSN033, UBA1163, UBA1163","bin_356","Bacteria","Desulfobacterota","BSN033","BSN033","UBA1163","UBA1163","",0,0,0,0,0,0.096512625,0.082122138,0.045670064,0.166270886,0.070892227,1.012018212,0,10.91895115,12.60107101,0,1.738436627,0.418563589,0,0.07510556,0,0,0,0,0,0,0,0,2
"bin_254, Bacteria, Proteobacteria, Gammaproteobacteria, Betaproteobacteriales, RBG~16~58~11, RBG~16~58~11","bin_254","Bacteria","Proteobacteria","Gammaproteobacteria","Betaproteobacteriales","RBG~16~58~11","RBG~16~58~11","",0,0.061812292,0,0.400466122,0.530903867,0.187471879,0.596400934,0.190155297,0.297834066,0.210784368,0.174330642,25.36645824,0.706342421,0.536885887,9.442164528,0.557971484,0.260111398,0.189301714,1.598582911,0,1.000691649,0.271830306,1.442612645,0.377063906,0.24976626,1.216782661,0.212956356,2
"bin_242, Bacteria, Desulfobacterota, BSN033, BSN033, UBA1163","bin_242","Bacteria","Desulfobacterota","BSN033","BSN033","UBA1163","","",0,0,0,0,0,0.035352454,0.04494202,0.032618405,0.126298507,0.030697341,49.18191788,0.043773974,0.461558728,4.513500925,0.04618237,0.337745527,0.773527966,0.032394309,4.318414085,0,0,0,0,0,0,0,0,2
"bin_130, Bacteria, Proteobacteria, Alphaproteobacteria, Geminicoccales, Geminicoccaceae","bin_130","Bacteria","Proteobacteria","Alphaproteobacteria","Geminicoccales","Geminicoccaceae","","",0.067462411,0.71667151,0.035135981,0.416708368,0.871564005,0.374930338,0.309922437,0.442968546,0.714261267,0.295550287,0.06240014,0.083396892,2.372379787,0.465045046,0.410587215,0.44079646,0.636541777,2.961744316,2.135230872,0,1.479053617,0.328069949,3.387051987,0.787268592,0.307045781,1.824250408,0.148617156,2
"bin_39, Bacteria, Chloroflexota, Anaerolineae, Anaerolineales, envOPS12, UBA12294","bin_39","Bacteria","Chloroflexota","Anaerolineae","Anaerolineales","envOPS12","UBA12294","",0,0.074932188,0.048541562,0.043380654,0.109677516,0.635001747,0.5603359,0.349584621,0.447297748,0.194263197,0.577831762,0.048723272,34.86194628,5.637303673,0.661637989,3.778276514,0.47597351,0.106162292,0.345444554,0,0.212172397,0.147798464,2.895037498,6.271015417,0.383399351,7.8903582,1.117779789,2
"bin_390, Bacteria, Chloroflexota, Anaerolineae, Anaerolineales, envOPS12","bin_390","Bacteria","Chloroflexota","Anaerolineae","Anaerolineales","envOPS12","","",0,0,0,0,0.038799368,0.086641328,0.1175342,0.123824958,0.19669309,0.077524917,0.072114804,0.035132014,28.07420579,3.597452175,0.044209443,3.356490196,0.092189591,0.07791504,0.220834503,0,0.109159849,0.088958646,0.207623649,0.562351054,0.14698178,0.349966813,0.271129107,2
"bin_165, Bacteria, Bacteroidota, Ignavibacteria, Ignavibacteriales, Ignavibacteriaceae, Ignavibacterium","bin_165","Bacteria","Bacteroidota","Ignavibacteria","Ignavibacteriales","Ignavibacteriaceae","Ignavibacterium","",3.153259032,27.48548262,0,0,0,0,0.041486229,0,0.051904859,0,0,0,0,0.059085181,0,0.057596418,0.180472612,0,0.069607488,0,0.041655871,0.063647686,0,0,0,0.077528746,0.047760728,2
"bin_76, Bacteria, Bipolaricaulota, Bipolaricaulia, Bipolaricaulales, Bipolaricaulaceae","bin_76","Bacteria","Bipolaricaulota","Bipolaricaulia","Bipolaricaulales","Bipolaricaulaceae","","",0,0,0,0,0,0.030318753,0,0.034531108,0.08188201,0,42.48471102,0,0,0.09543119,0,0.041383744,1.285027383,0.111654315,4.432719966,0,0.03605724,0,0.102510676,0.050227971,0,3.184404369,0.211056024,2
"bin_35, Bacteria, Desulfobacterota, BSN033, BSN033, UBA1163","bin_35","Bacteria","Desulfobacterota","BSN033","BSN033","UBA1163","","",0,0,0,0,0,0.043271559,0.051349495,0.049501651,0.149898904,0.039928457,3.873473253,0.085287515,12.89074965,2.17958925,0.067504076,3.770667969,0.228135466,0,0.103547591,0,0,0,0,0,0,0,0,2
"bin_352, Bacteria, Bacteroidota, UBA10030, UBA10030","bin_352","Bacteria","Bacteroidota","UBA10030","UBA10030","","","",0,0,0,0,0,0,0,0,0.04313629,0,0,0,0,0.058728199,0,0,6.669644019,0,0,0,0.031506295,0,0,0,21.17724858,0.063514028,0.068133888,2
"bin_123, Bacteria, Acidobacteriota, Mor1, Mor1","bin_123","Bacteria","Acidobacteriota","Mor1","Mor1","","","",0,0,0,0.032134966,0.0845369,0.08188769,0.127513963,0.205246456,0.305925923,0.150891118,0.28132702,0.148403376,13.24708674,1.63595088,0.403949019,0.500444844,0.161948755,0.050072919,1.041888184,0,0.371682147,0.140046296,0.867139394,0.446859508,0.088235154,0.447286851,0.068132926,2
"bin_178, Bacteria, Chloroflexota, Anaerolineae, Thermoflexales","bin_178","Bacteria","Chloroflexota","Anaerolineae","Thermoflexales","","","",0,0,0.063711227,0,0.032669759,0.032236664,0.041847842,0.074614437,0.138940169,0.032172886,0.062308163,0,0.103382562,0.071538317,0.039106264,0.033300233,0.053762267,0.090113038,0.152178927,0,0.055212068,0,0.077691891,0.054547399,0.192603564,12.87367702,32.85977683,2
"bin_401, Bacteria, Chloroflexota, Dehalococcoidia, SM23~28~2","bin_401","Bacteria","Chloroflexota","Dehalococcoidia","SM23~28~2","","","",0,0,0,0.049706569,0.117230248,0.102586476,0.138353061,0.227990181,0.482551587,0.154438374,0.078588241,0.150451436,0.225520545,0.234144093,0.141671875,0.108015755,0.199444227,0.140041193,0.849825086,0,0.485421412,0.108861419,0.948433721,30.71695212,0.134275671,0.526037692,0.06321711,2
"bin_68, Bacteria, Chloroflexota, Dehalococcoidia, UBA2991, UBA2991, G233","bin_68","Bacteria","Chloroflexota","Dehalococcoidia","UBA2991","UBA2991","G233","",0,0,0,0.047286943,0.101634994,0.08179631,0.092185633,0.192191705,0.351047,0.108595464,0.094439426,0.240692772,0.530222058,0.828529976,0.325679355,0.093461914,1.958640209,0.925913443,1.206153162,0,0.402429752,0.100286481,1.17232408,36.35775544,0.191181443,2.468230423,0.147556154,2
"bin_339, Bacteria, NitrospirotaA, Leptospirillia, Leptospirillales, Leptospirillaceae, Leptospirillum","bin_339","Bacteria","NitrospirotaA","Leptospirillia","Leptospirillales","Leptospirillaceae","Leptospirillum","",0,0,0.036907459,0,0,0,0,0,0.033007785,0,0,0,0,0,0,0,0.043610469,0,0,0,0.040543697,0,0.045555818,0,0,0.048076063,0,2
"bin_148, Bacteria, Methylomirabilota, Methylomirabilia, Rokubacteriales, GWA2~73~35, 40CM~68~15","bin_148","Bacteria","Methylomirabilota","Methylomirabilia","Rokubacteriales","GWA2~73~35","40CM~68~15","",0,0,0.036460505,0.125894459,0.25311902,0.165406138,0.258152334,0.442018905,0.734661526,0.371006029,2.386102272,0.512721766,4.06628174,0.801722857,0.884488462,0.397893476,2.784094336,0.111868479,2.57468825,0,1.250544083,0.619046504,213.4061594,2.334786731,0.309152642,0.873617285,0.133050681,2
"bin_3, Bacteria, FirmicutesE, Thermaerobacteria, Thermaerobacterales","bin_3","Bacteria","FirmicutesE","Thermaerobacteria","Thermaerobacterales","","","",0,0,0,0.07010249,0.162794912,0.1274066,0.203224183,0.226795807,0.453538878,0.18493217,0.272602181,1.398487323,0.216401492,0.259472035,3.642783508,0.214218472,0.208566363,64.09910329,0.869422407,0,0.363774257,0.118843842,0.897771689,0.306884994,0.105057533,0.440766136,0.065054822,2
"bin_404, Bacteria, Chloroflexota","bin_404","Bacteria","Chloroflexota","","","","","",0,0,0,0,0.048669279,0.064853765,0.077236966,0.102669885,0.200027923,0.062495822,0.06953252,0.050518095,10.18156059,3.812403161,0.068066026,3.803879174,0.115724158,0.047249111,0.27328329,0,0.153206216,0.049737762,0.268830609,0.204985275,0.052025475,0.152009413,0.043923517,2
"bin_236, Bacteria, Gemmatimonadota, Gemmatimonadetes, Gemmatimonadales, GWC2~71~9","bin_236","Bacteria","Gemmatimonadota","Gemmatimonadetes","Gemmatimonadales","GWC2~71~9","","",0,0,0,0.061108673,0.106027319,0.075968892,0.096555694,0.193011669,0.289162928,0.124619787,0.150648768,0.051854992,10.12819499,0.108841953,0.180768833,0.723823077,0.111076641,0.033347043,0.824841974,0,0.369173172,0.142010729,15.3521737,0.418063834,0.121536336,0.742096756,0.125019529,2
"bin_40, Bacteria, FirmicutesE, Thermaerobacteria, Thermaerobacterales","bin_40","Bacteria","FirmicutesE","Thermaerobacteria","Thermaerobacterales","","","",0,0,0,0.065340546,0.083990788,0.072821524,0.137403994,0.200807888,0.297369517,0.163166664,0.073164252,3.294752259,0.139205269,0.13079299,28.16213744,0.236908617,0.12936954,0.548318504,0.494239236,0,0.283133898,0.084814828,0.522925687,0.261065363,0.070424584,0.34473703,0.065991386,2
"bin_2, Archaea, Nanoarchaeota, Woesearchaeia, ARS49, 1~14~0~10~37~12","bin_2","Archaea","Nanoarchaeota","Woesearchaeia","ARS49","1~14~0~10~37~12","","",0,0,0,0,0,0,0.037722617,0,0,0,0.602086652,0,0,37.02148875,0,0.189885734,0,0.160427769,0.077387987,0,0.041999599,0,0.065970246,0.032861248,0,0.05851789,0,2
"bin_93, Bacteria, Chloroflexota, Anaerolineae","bin_93","Bacteria","Chloroflexota","Anaerolineae","","","","",0,0,0,0,0,0.051374506,0.047103822,0.051495885,0.146000857,0.04106592,2.602762575,0,0.932172981,36.24194391,0,0.23355579,0.037667245,0,0.645430467,0,0.041543735,0,0.08664839,0.06876156,0.039634506,0.068494254,0.043643547,2
"bin_244, Bacteria, Acidobacteriota, Acidobacteriae, Solibacterales, Solibacteraceae","bin_244","Bacteria","Acidobacteriota","Acidobacteriae","Solibacterales","Solibacteraceae","","",0,0,0.04309294,0.050528673,0.120108299,0.115223042,0.096766398,0.191111385,0.28850569,0.153449053,1.775880711,2.802441237,9.883615139,10.59596342,1.005938322,2.933394029,0.288431664,0.103934466,2.122366034,0,0.354220456,0.123399159,2.970948295,0.456747759,0.121848025,1.67028905,0.155728471,2
"bin_100, Bacteria, Proteobacteria, Gammaproteobacteria, Betaproteobacteriales, Gallionellaceae, Sideroxydans","bin_100","Bacteria","Proteobacteria","Gammaproteobacteria","Betaproteobacteriales","Gallionellaceae","Sideroxydans","",0,0.055917929,0.0549657,0.319922531,0.445457308,0.123634771,0.405656613,0.126177929,0.309034328,0.128902429,0,0.03073086,9.371000398,0.133493349,1.074038146,11.62482531,0.217807524,0.682472231,1.103179571,0,1.626847844,0.593802611,0.99712434,0.319910973,0.873703481,6.414573492,0.699438492,2
"bin_295, Bacteria, Chloroflexota, Anaerolineae, Anaerolineales, UBA4823","bin_295","Bacteria","Chloroflexota","Anaerolineae","Anaerolineales","UBA4823","","",0.047781509,0.134780473,0,0,0,0.058566688,0.064768767,0.090850383,0.177848991,0.052304293,0.123768478,0,9.573146253,0.406449578,0.043643768,2.090632214,0.03728665,0,0.311721492,0,0.050423595,0,0.169343686,0.076576818,0.055878275,0.079195083,0.061316937,2
"bin_328, Bacteria, Proteobacteria, Gammaproteobacteria, Pseudomonadales, Moraxellaceae, Acinetobacter, indicus","bin_328","Bacteria","Proteobacteria","Gammaproteobacteria","Pseudomonadales","Moraxellaceae","Acinetobacter","indicus",0,0,0,0,0.068145718,0,0,0,0.069179416,0,0,0,0,0,0.054836024,0.169734855,0.036766451,0,0.034259201,0,43.36004182,0,0,0.039398132,24.97172687,6.483240945,0,2
"bin_273, Bacteria, Methylomirabilota, Methylomirabilia, Rokubacteriales, GWA2~73~35","bin_273","Bacteria","Methylomirabilota","Methylomirabilia","Rokubacteriales","GWA2~73~35","","",0,0,0,0.090133401,0.192192047,0.154004951,0.240565173,0.40662136,0.663132744,0.355934852,1.984536138,0.374383949,20.8867812,23.45866791,0.334505375,2.176745894,0.418388522,0.165080449,2.044430841,0,1.126033951,0.557444472,26.06956771,2.277872036,0.268001047,0.956827849,0.140231937,2
"bin_391, Bacteria, KSB1, UBA2214, UBA2214","bin_391","Bacteria","KSB1","UBA2214","UBA2214","","","",0,0,0,0,0.034806341,0,0.035568048,0.047455159,0.100564848,0.034585514,0.741320121,0,0.850064958,0.034672103,0.078676936,0.083846786,0,0,1.398100981,0,0.147044405,0.041197571,2.475217338,25.9813883,0.091610747,0.100561631,0,2
"bin_44, Bacteria, Patescibacteria, ABY1","bin_44","Bacteria","Patescibacteria","ABY1","","","","",4.849850069,44.56609989,0,0.05013609,0.100992089,0.077642312,0.471454171,0.159582855,0.378039286,0.175308586,0.041281447,0,0.8834062,0.16946046,0.055769099,0.399111259,0.808391496,0.07673887,0.071459528,0,0.127340091,0.119670462,0.203545276,0.082258224,0.142213663,0.326091485,0.184723419,2
"bin_319, Bacteria, Methylomirabilota, Methylomirabilia, Methylomirabilales, 2~02~FULL~66~22, 2~02~FULL~66~22","bin_319","Bacteria","Methylomirabilota","Methylomirabilia","Methylomirabilales","2~02~FULL~66~22","2~02~FULL~66~22","",0,0,0.043679734,0.039604866,0.055970663,0.100022771,0.124039429,0.308160047,0.400274977,0.287162911,1.167047977,0.053592835,2.348522209,32.05788814,0.033719089,0.330025738,0.106923411,0.074493855,0.608059611,0,0.181982693,0.096844829,0.545197779,0.414939723,0.466012428,0.188564048,0.0555131,2
"bin_350, Bacteria, Acidobacteriota, Aminicenantia, Aminicenantales, UBA4085","bin_350","Bacteria","Acidobacteriota","Aminicenantia","Aminicenantales","UBA4085","","",0,0,0,0,0,0,0,0.032267892,0.042017835,0,0,0,0,0,0,0,0.051590573,0,0.060582832,0,0,0,0.033069508,0,0.063497176,3.818464414,32.71012227,2
"bin_91, Archaea, Crenarchaeota, Nitrososphaeria, Nitrososphaerales, Nitrososphaeraceae, Nitrososphaera","bin_91","Archaea","Crenarchaeota","Nitrososphaeria","Nitrososphaerales","Nitrososphaeraceae","Nitrososphaera","",0,0,0,0,0,0,0,0.041700417,0.101235024,0.045066858,0,0,0.094809401,0,0,0.061651674,0.1600897,0,0.123232434,0,0.048904158,0,1.024608643,35.46036739,0.151282622,0.239703749,0,2
"bin_59, Bacteria, Patescibacteria, ABY1, XYB2~FULL~38~15, XYB2~FULL~38~15","bin_59","Bacteria","Patescibacteria","ABY1","XYB2~FULL~38~15","XYB2~FULL~38~15","","",0,0,0,0.041763522,0.069763964,0.060508381,0.185960062,0.073014094,0.325661041,0.076500547,2.086057955,0,0.523968154,67.76841049,0.030991909,0.472822424,0.579487906,0.087765165,2.071223323,0,0.067676729,0.033867512,0.081259648,0.074581743,0.305332193,0.202650229,0.031169436,2
"bin_317, Bacteria, Cyanobacteriota, Cyanobacteriia, Leptolyngbyales, Leptolyngbyaceae, JSC~12","bin_317","Bacteria","Cyanobacteriota","Cyanobacteriia","Leptolyngbyales","Leptolyngbyaceae","JSC~12","",0,0,0,0.267436791,0.447453661,11.61012489,0,0,0.050451562,0,0,0,0,0.071401527,0,0.035383171,0.054639163,0.07636123,0.135484661,0,0.071420805,0,0.28127145,0,0,0.0323936,0,2
"bin_357, Bacteria, Bacteroidota, Bacteroidia, Bacteroidales, GWA2~32~17","bin_357","Bacteria","Bacteroidota","Bacteroidia","Bacteroidales","GWA2~32~17","","",0,0,0.041159036,0,0.033700875,0,0,0,0.04368565,0,0,0,0,0,0,0,0,0,0,0,0.679066534,31.33286947,0,0,0,0,0,4
"bin_387, Bacteria, Cyanobacteriota, Cyanobacteriia, Cyanobacteriales, Phormidiaceae","bin_387","Bacteria","Cyanobacteriota","Cyanobacteriia","Cyanobacteriales","Phormidiaceae","","",0,0,0.061136214,0.059353599,0.114265511,0,0,0.041058613,0.033354379,0,0,0,0,0,0,0,0.05807197,0.043054392,0.044656498,0,0.052342698,0,0.115188481,0,0.244571766,0,0,4
"bin_329, Bacteria, Chloroflexota, Anaerolineae, SBR1031, AB, GCA~2794515","bin_329","Bacteria","Chloroflexota","Anaerolineae","SBR1031","AB","GCA~2794515","",0.890353359,0.532447329,0,0.074823699,0.219048755,0,0,0,0,0,0,0,0,0,0,0,0,0,0.038115493,0,0,0,0.523718487,0,0,0.044789132,0,4
"bin_340, Archaea, Thermoplasmatota, Thermoplasmata, Thermoplasmatales, Thermoplasmataceae, Ferroplasma","bin_340","Archaea","Thermoplasmatota","Thermoplasmata","Thermoplasmatales","Thermoplasmataceae","Ferroplasma","",0,0,0.239658716,0,0,0,0,0,0,0,0,0,0,0,0,0,0,0,0,0,0,0,0,0,0,0,0,4
"bin_61, Bacteria, Bacteroidota, Ignavibacteria, Ignavibacteriales, Ignavibacteriaceae, UBA1563","bin_61","Bacteria","Bacteroidota","Ignavibacteria","Ignavibacteriales","Ignavibacteriaceae","UBA1563","",0,0,0.062875797,0,0,0,0,0,0,0,0,0,0,0,0,0,0,0,0,0,13.79516858,102.3170713,0,0,0,0.030212349,0,4
"bin_189, Bacteria, Bacteroidota, Bacteroidia, Bacteroidales, Lentimicrobiaceae","bin_189","Bacteria","Bacteroidota","Bacteroidia","Bacteroidales","Lentimicrobiaceae","","",7.50169874,23.18455304,0,0.046359081,0.058140542,0,0,0,0.046433355,0,0,0,0,0,0,0,0,0,0,0,0.061240517,0.047264889,0.030138348,0,0,0.039381589,0,4
"bin_85, Bacteria, Dadabacteria","bin_85","Bacteria","Dadabacteria","","","","","",0,0,2.8277321,0,0,0,0,0,0.0445599,0,0,0,0,0,0,0,0,0,0,0,0,0,0,0,0,0,0,4
"bin_25, Archaea, Crenarchaeota, Thermoprotei, Sulfolobales, Sulfolobaceae, AZ1","bin_25","Archaea","Crenarchaeota","Thermoprotei","Sulfolobales","Sulfolobaceae","AZ1","",0,0,2.975434895,0,0,0,0,0,0,0,0,0,0,0,0,0,0.214762999,0,0,16.17823357,0,0,0,0,0,0.275709283,0,4
"bin_96, Bacteria, Fibrobacterota, Chitinivibrionia, Chitinivibrionales","bin_96","Bacteria","Fibrobacterota","Chitinivibrionia","Chitinivibrionales","","","",0,0,2.200665625,0,0,0,0,0,0,0,0,0,0,0,0,0,0,0,0,0,0.036090427,0,0,0,0,0,0,4
"bin_225, Bacteria, Bdellovibrionota, Bacteriovoracia, Bacteriovoracales, Bacteriovoracaceae","bin_225","Bacteria","Bdellovibrionota","Bacteriovoracia","Bacteriovoracales","Bacteriovoracaceae","","",0,0,0.059600552,0,0,0,0,0,0,0,0,0,0,0,0,0,0,0,0,0,3.388798577,39.40394114,0,0,0,0.094652776,0,4
"bin_122, Bacteria, Bacteroidota, Bacteroidia, Bacteroidales, Prolixibacteraceae, GWE2~42~39","bin_122","Bacteria","Bacteroidota","Bacteroidia","Bacteroidales","Prolixibacteraceae","GWE2~42~39","",0,0,1.835457369,0,0.041572705,0,0,0.034140121,0.077921329,0,0,0,0,0,0,0.045908659,0,0,0,0,0.428816282,1.053079164,0.0455586,0,0,0.040514355,0,4
"bin_305, Archaea, Nanoarchaeota","bin_305","Archaea","Nanoarchaeota","","","","","",11.72601716,43.28533975,0,0.045348844,0.086636784,0,0,0,0,0,0,0,0,0,0,0,0.035886563,0,0,0,0.058952823,0.040883779,0,0,0,0.042074946,0,4
"bin_206, Archaea, Micrarchaeota, Micrarchaeia, UBA8480, UBA8480","bin_206","Archaea","Micrarchaeota","Micrarchaeia","UBA8480","UBA8480","","",0,0,0.793590897,0,0,0,0.031647809,0,0.032008783,0,0,0,0,0,0,0,0,0,0,0,0.034018679,0,0.03610249,0,0,0.035251814,0,4
"bin_296, Archaea, Nanoarchaeota","bin_296","Archaea","Nanoarchaeota","","","","","",0,0,0.03231168,0,0,0,0,0,0,0,0,0,0,0,0,0,0,0,0,0,0,0,0,0,0,0,0,4
"bin_223, Bacteria, Firmicutes, Bacilli, Acholeplasmatales, Acholeplasmataceae, UBA2284","bin_223","Bacteria","Firmicutes","Bacilli","Acholeplasmatales","Acholeplasmataceae","UBA2284","",0,0,0,0,0,0,0,0,0,0,0,0,0,0,0.388489986,27.44095279,0,0,0,0,0.037060013,0.048450326,0,0,0,0,0,4
"bin_232, Archaea, Crenarchaeota, Thermoprotei, Sulfolobales, Sulfolobaceae","bin_232","Archaea","Crenarchaeota","Thermoprotei","Sulfolobales","Sulfolobaceae","","",0,0,3.112772319,0,0,0,0,0,0,0,0,0,0,0,0,0,0.153238588,5.78511195,0,18.81013513,0,0.044801411,0.038128124,0,0,0.239540058,0,4
"bin_144, Bacteria, Bacteroidota, Bacteroidia, Bacteroidales, vadinHA17","bin_144","Bacteria","Bacteroidota","Bacteroidia","Bacteroidales","vadinHA17","","",0,0,0.537158646,0,0,0,0,0.066490051,0.08651533,0,0,0,0,0,0,0,0,0,0,0,0.046917925,0.036113501,0,0,0,0,0.032886646,4
"bin_146, Bacteria, Proteobacteria, Gammaproteobacteria, Thiomicrospirales, GCA~002282575, GCA~002282575","bin_146","Bacteria","Proteobacteria","Gammaproteobacteria","Thiomicrospirales","GCA~002282575","GCA~002282575","",27.05424288,8.01247519,0,1.301443299,1.923358808,0,0.07565018,0,0,0,0,0,0,0,0,0,0,0,0,0,0.115265828,0,0,0,0,0.049918066,0,4
"bin_287, Bacteria, Bacteroidota, Bacteroidia, Flavobacteriales","bin_287","Bacteria","Bacteroidota","Bacteroidia","Flavobacteriales","","","",0,0,0,0.184504847,0.263820047,0.077411331,0.100775153,0.059134172,0.037285577,0,0,0,0,0,0,0,1.018845053,0.521831541,0.052882013,0,0.113968131,0,3.127376484,0,0,0.109265177,0,3
"bin_16, Bacteria, Proteobacteria, Gammaproteobacteria, Betaproteobacteriales, Burkholderiaceae, GJ~E10","bin_16","Bacteria","Proteobacteria","Gammaproteobacteria","Betaproteobacteriales","Burkholderiaceae","GJ~E10","",0.101595461,0.816219915,0.033020693,0.38241966,0.609538114,0.691865322,0.697286773,0.343905195,0.435488154,0.264328392,0.056786275,0.035072638,0.978107896,1.132162023,0.144352485,0.192239655,0.189774473,0.154573776,2.894484155,0,1.369493898,0.362432235,1.577119435,0.441011378,0.207425047,2.045884659,0.365797273,3
"bin_326, Bacteria, Proteobacteria, Alphaproteobacteria, Sphingomonadales, Sphingomonadaceae, Sphingomonas","bin_326","Bacteria","Proteobacteria","Alphaproteobacteria","Sphingomonadales","Sphingomonadaceae","Sphingomonas","",0,0.070489695,0.037367193,1.016805312,1.944258432,0.242636634,0.184009733,0.596496518,1.080383109,0.25666228,0,0,0.057746795,0.032230159,0.556109485,0.83680845,1.156131391,0.309587369,0.919421203,0.038558344,2.380492273,0.588379805,1.867019756,0.291389086,78.56934223,1.238303211,0.06526156,3
"bin_358, Bacteria, Proteobacteria, Gammaproteobacteria, Betaproteobacteriales, Burkholderiaceae, Aquabacterium","bin_358","Bacteria","Proteobacteria","Gammaproteobacteria","Betaproteobacteriales","Burkholderiaceae","Aquabacterium","",0,0,0,1.735616762,2.3485491,0.100996562,0.190731619,0.102389542,0.258561113,0.080905166,0,0,0.03052406,0,0.197279077,197.0759318,9.783238205,0.079697276,0.446642091,0,1.851068428,0.340382367,0.415043965,0.116968901,1.209870367,1.193358684,0.144365782,3
"bin_198, Bacteria, Proteobacteria, Gammaproteobacteria, Betaproteobacteriales, Hydrogenophilaceae","bin_198","Bacteria","Proteobacteria","Gammaproteobacteria","Betaproteobacteriales","Hydrogenophilaceae","","",0.101762032,0.513908143,0,0.590665491,0.84412816,0.302511971,0.986639285,0.204855624,0.354882216,0.409974347,0.056548731,0.043649633,0.18507164,0.699069225,0.16025605,0.308671424,0.305653599,0.294919766,1.406238117,0,0.886470573,0.231343764,1.42414962,0.345283434,0.279057805,1.252582307,0.251342043,3
"bin_87, Bacteria, Proteobacteria, Gammaproteobacteria, Betaproteobacteriales, Hydrogenophilaceae, UBA3361","bin_87","Bacteria","Proteobacteria","Gammaproteobacteria","Betaproteobacteriales","Hydrogenophilaceae","UBA3361","",0,0.037602604,0,0.334488546,0.421327473,0.12942395,0.49386174,0.108329799,0.181513021,0.190678149,0,0,0.030932049,0.043075736,0.07420205,0.129672704,0.113570608,0.064404639,0.485360994,0,0.642021368,0.148515532,0.523638074,0.143764049,1.400341251,0.500964198,0.102804172,3
"bin_283, Bacteria, Bacteroidota, Bacteroidia, Chitinophagales, Chitinophagaceae","bin_283","Bacteria","Bacteroidota","Bacteroidia","Chitinophagales","Chitinophagaceae","","",0,0,0,0.038525006,0.068237778,0,0,0,0.031357331,0,0,0,0,0,0,0,0.034510035,0,0.057981485,0,0.266291835,0.044810296,0.143903029,0,0.032953026,0.051887069,0,3
"bin_265, Bacteria, Proteobacteria, Gammaproteobacteria, Betaproteobacteriales, Burkholderiaceae, Rubrivivax","bin_265","Bacteria","Proteobacteria","Gammaproteobacteria","Betaproteobacteriales","Burkholderiaceae","Rubrivivax","",0,0.081470789,4.635994093,1.614662903,3.018890342,0.672394309,0.757032271,0.490720088,0.668976241,0.368561467,0,0,0.079853513,0.076748247,0.313868068,0.409620875,0.307851725,0.348414032,1.855360906,0,4.837051857,1.023791817,1.51559208,0.377709662,0.383686718,2.21610404,0.350419521,3
"bin_205, Bacteria, Proteobacteria, Alphaproteobacteria, Acetobacterales, Acetobacteraceae, 70~18","bin_205","Bacteria","Proteobacteria","Alphaproteobacteria","Acetobacterales","Acetobacteraceae","70~18","",0,0.036828604,0.137548669,0.549005629,1.031474759,0.3552906,0.220460806,0.271892174,0.492563771,0.166346297,0,0,0.077769291,0.034517392,0.234395714,0.193108224,0.218715201,0.151563458,0.905334434,0,1.17550048,0.263642341,1.518236509,0.415077444,0.242882625,0.92099646,0.102143196,3
"bin_46, Bacteria, Planctomycetota, Planctomycetes, Pirellulales, Pirellulaceae, Pirellula","bin_46","Bacteria","Planctomycetota","Planctomycetes","Pirellulales","Pirellulaceae","Pirellula","",0,0,0,2.08059672,4.314436839,15.2268203,0,0.031597866,0.053784684,0,0,0,0,0,0,0.032586245,0.031141259,0,0.102349002,0,0.136927025,0,0.082956217,0,0,0.056148298,0,3
"bin_269, Bacteria, Acidobacteriota, Acidobacteriae, Acidobacteriales, Koribacteraceae","bin_269","Bacteria","Acidobacteriota","Acidobacteriae","Acidobacteriales","Koribacteraceae","","",0,0,5.518638095,0,0.030888771,0,0.04208521,0.063321504,0.090326386,0.034784441,0,0,0,0.030193061,0,0,0.032469511,0,0.206322794,0,0.202311019,0.102315367,0.287927393,0.117111695,0.038112951,0.100827988,0,3
"bin_80, Bacteria, MBNT15, MBNT15, MBNT15, MBNT15, CG2~30~66~27","bin_80","Bacteria","MBNT15","MBNT15","MBNT15","MBNT15","CG2~30~66~27","",0,0,0,0,0,0,0.042579457,0.145133441,0.148013561,0.062979756,0,0,0.064608361,0.078526426,0,0.041760035,0.04882457,0,0.324988818,0,9.156635608,50.99867324,0.198617268,0.13098134,0.498166581,0.137261224,0,3
"bin_167, Bacteria, Bacteroidota","bin_167","Bacteria","Bacteroidota","","","","","",0,0,0,0,0.041266362,0.032795665,0.044264532,0.083689655,0.10102661,0.040012929,0,0,0,0,0,0,0,0,0.196976203,0,0.128689061,0.034245753,0.426052124,34.5072231,0.031145602,0.086529801,0,3
"bin_14, Bacteria, Proteobacteria, Gammaproteobacteria, Betaproteobacteriales, Gallionellaceae, Sideroxydans","bin_14","Bacteria","Proteobacteria","Gammaproteobacteria","Betaproteobacteriales","Gallionellaceae","Sideroxydans","",0,0.031525883,0.033209007,0.206976906,0.29371652,0.088517886,0.351777467,0.122732447,0.174852974,0.117082233,0,0,0.071675474,0.068123065,0.118428432,0.287959742,0.116295084,0.16277112,0.669680672,0,1.730001381,0.63369959,0.641688732,0.184290232,0.412588085,1.816439747,0.237314519,3
"bin_241, Bacteria, FirmicutesB, Desulfotomaculia, Desulfotomaculales, BRHcA","bin_241","Bacteria","FirmicutesB","Desulfotomaculia","Desulfotomaculales","BRHcA","","",1.994114031,19.82847065,0,0.03100751,0.043588341,0,0.052666585,0.052623201,0.098483873,0.038821443,0,0,0,0,0,0,0.051724606,0,0.066757881,0,0.067896749,0.077063086,0.090603308,0.05768631,0,0.060323533,0,3
"bin_378, Bacteria, FirmicutesH","bin_378","Bacteria","FirmicutesH","","","","","",0,0,0,0,0.039226976,0,0.041693542,0.082225836,0.147002824,0.056539876,0,0,0,0,0,0,0.035385163,0,0.214383232,0,0.220435547,0.04823246,0.21184639,0.090145048,0.034745774,0.128470884,0,3
"bin_74, Bacteria, Verrucomicrobiota, Verrucomicrobiae, Pedosphaerales","bin_74","Bacteria","Verrucomicrobiota","Verrucomicrobiae","Pedosphaerales","","","",0.328655278,4.546871241,0,0.118610566,0.242465326,3.357045786,0.170516992,0.164007723,0.244520407,0.160931343,0.086997018,0,0.154075339,0.229509858,0,0.040690511,0.091456878,0,0.319016088,0,0.146642144,0.047653303,0.28184047,0.176534085,0.033492194,0.601740209,0.129711624,3
"bin_260, Bacteria, Bacteroidota, UBA10030, UBA10030","bin_260","Bacteria","Bacteroidota","UBA10030","UBA10030","","","",0,0,0,0,0,0,0,0.036217992,0.037744415,0.094350813,0,0,0,0,0,0,0,0,0.032369142,0,1.683790835,16.34265922,0.048474066,0.030669181,0.046262644,0.047454082,0,3
"bin_107, Bacteria, Proteobacteria, Alphaproteobacteria, Acetobacterales, Acetobacteraceae, Elioraea","bin_107","Bacteria","Proteobacteria","Alphaproteobacteria","Acetobacterales","Acetobacteraceae","Elioraea","",0,0.088474542,0.081990253,1.503894704,3.145923249,1.61752969,0.463822365,0.626981166,1.128119446,0.418296181,0.112739448,0.079098153,0.23928741,0.119151193,0.555350639,0.391501284,0.878949439,1.919751093,3.148682465,0,2.079786614,0.48540576,6.184786102,1.074170717,0.469602278,1.882401536,0.189581048,3
"bin_169, Bacteria, Proteobacteria, Gammaproteobacteria, Betaproteobacteriales, UKL13~2, GR16~43","bin_169","Bacteria","Proteobacteria","Gammaproteobacteria","Betaproteobacteriales","UKL13~2","GR16~43","",0,0,0.04499862,0.385945116,0.652562472,0.285806488,0.581130456,0.457036141,0.805165186,0.288149779,0.038233251,0.040289084,0.108583684,0.084531956,0.259704959,0.254799884,0.203957906,0.131236865,4.001360266,0,2.666061368,1.007195312,2.380050905,0.62767384,0.715888885,2.239090345,0.507025123,3
"bin_279, Bacteria, Myxococcota, Myxococcia, Myxococcales, Anaeromyxobacteraceae","bin_279","Bacteria","Myxococcota","Myxococcia","Myxococcales","Anaeromyxobacteraceae","","",0,0,0.105052547,0.08086387,0.182628469,0.171184566,0.226641949,0.420277356,0.560946981,0.248547175,0,0.039949103,0.082805426,0.08699153,0.080883897,0.103141883,0.119677553,0.072316219,1.008427885,0,0.69282912,0.444162706,1.031580872,0.443602307,0.21375152,0.732795332,0.199072343,3
"bin_264, Bacteria, Proteobacteria, Gammaproteobacteria, Betaproteobacteriales, SG8~39, 2~02~FULL~66~14","bin_264","Bacteria","Proteobacteria","Gammaproteobacteria","Betaproteobacteriales","SG8~39","2~02~FULL~66~14","",0,0.03624154,0.053035262,0.374145087,0.564984095,0.322430448,0.476293465,0.436063756,0.690707791,0.292525155,0.114137899,0.065570041,0.17820883,0.147887377,0.433612624,0.231666556,0.243486071,0.170992526,8.587943056,0,2.605107105,0.816016059,6.237619738,57.99996641,0.531234114,2.316924552,0.420038697,3
"bin_134, Bacteria, Nitrospirota, Nitrospiria, Nitrospirales, Nitrospiraceae, Nitrospira, inopinata","bin_134","Bacteria","Nitrospirota","Nitrospiria","Nitrospirales","Nitrospiraceae","Nitrospira","inopinata",0,0.045017247,0,0.290696154,0.246733566,0.045495672,0.078519011,0.082422461,0.127804643,0.05140008,0,0.031964122,0.04028239,0.033708347,0.042699852,0.153203627,0.046577817,0,0.566061543,0,0.219454725,0.055758232,0.617595243,0.943169845,0.05142494,0.74933389,0.054646468,3
"bin_49, Bacteria, Proteobacteria, Gammaproteobacteria, Acidithiobacillales, Acidithiobacillaceae, Acidithiobacillus","bin_49","Bacteria","Proteobacteria","Gammaproteobacteria","Acidithiobacillales","Acidithiobacillaceae","Acidithiobacillus","",0,0,0.048836295,0.057046624,0.090799543,0,0.057806016,0.039052683,0.048885329,0,0,0,0,0,0,0,0.058045212,0,0.117920767,0,0.231727805,0.045554549,0.135025759,0.048392263,0.036178049,0.164821935,0,3
"bin_10, Bacteria, Bacteroidota, Bacteroidia, Chitinophagales, Chitinophagaceae, JJ008","bin_10","Bacteria","Bacteroidota","Bacteroidia","Chitinophagales","Chitinophagaceae","JJ008","",0,0,0.044757422,0.036338228,0.05535621,0,0,0,0.074946085,0,0,0,0,0,0,0,0.04042827,0,0.087123428,0,2.783799339,27.29459686,0.445837574,0,0.047980697,0.116903606,0,3
"bin_38, Bacteria, Proteobacteria, Gammaproteobacteria, Betaproteobacteriales, Burkholderiaceae, GJ~E10","bin_38","Bacteria","Proteobacteria","Gammaproteobacteria","Betaproteobacteriales","Burkholderiaceae","GJ~E10","",0,0.06742447,0.630822748,1.697333527,3.170507953,57.60972667,0.932582868,0.517343467,0.715090643,0.435042137,0.053887883,0.033874165,0.130369161,0.408004435,0.232991437,0.260558917,0.34167983,0.192244174,3.995950262,0,2.042239518,0.506865634,2.041716982,0.575594862,0.324240805,2.002947885,0.417699658,3
"bin_331, Bacteria, Myxococcota, Myxococcia, Myxococcales","bin_331","Bacteria","Myxococcota","Myxococcia","Myxococcales","","","",0,0.033118569,0.109686024,0.059895056,0.125836512,0.080154399,0.114647724,0.204899366,0.345642792,0.128184623,0,0,0.046768759,0.044071779,0.054417874,0.079058357,0.091828884,0.0518038,0.578321978,0,0.537789421,49.97008034,0.596737446,0.257711427,0.082949872,0.309975033,0.053110371,3
"bin_258, Bacteria, Acidobacteriota, Thermoanaerobaculia","bin_258","Bacteria","Acidobacteriota","Thermoanaerobaculia","","","","",0,0,4.485285844,0,0,0,0.052670797,0.07717172,0.140401837,0.058441524,0,0,0.031010414,0,0,0,0.034443179,0,0.203062045,0,0.147389629,0.077721865,0.18082886,0.103792361,0.038897452,0.101148386,0,3
"bin_337, Bacteria, Chloroflexota, Anaerolineae, Anaerolineales, UBA6663","bin_337","Bacteria","Chloroflexota","Anaerolineae","Anaerolineales","UBA6663","","",0,0,0,0.057704711,0.117693443,0.127021424,0.160040124,0.183225913,0.359242067,0.127844427,0.059021942,0.042239933,0.119160292,0.137478188,0.063181243,0.072507417,0.091964882,0.058365314,0.594897203,0,0.307356898,0.100709179,0.474987125,1.20669504,0.094291205,0.300832609,0.051151592,3
"bin_267, Bacteria, Bacteroidota, Bacteroidia, Cytophagales, Cyclobacteriaceae","bin_267","Bacteria","Bacteroidota","Bacteroidia","Cytophagales","Cyclobacteriaceae","","",0,0,0.077721139,3.39550501,8.005462578,15.50410903,0.09019123,0.101428283,0.085736798,0.052225785,0,0,0,0,0,0.040796038,0.078326906,0,0.253097232,0,0.145922673,0,0.372063328,0,0,0.09113164,0,3
"bin_65, Archaea, Thermoplasmatota, ThermoplasmataA, UBA10834, UBA10834, RBG~16~62~10","bin_65","Archaea","Thermoplasmatota","ThermoplasmataA","UBA10834","UBA10834","RBG~16~62~10","",0,0,0.842184064,0,0,0.094671408,0.057312161,0.093135894,0.263254778,0,0.091026764,0,0,0,0,0,0.085422666,0,0.066255736,0,0.035082469,0,0.049046498,0.035868347,0.323483024,0.035196085,0,3
"bin_153, Bacteria, Proteobacteria, Gammaproteobacteria, Betaproteobacteriales, Hydrogenophilaceae, UBA3361","bin_153","Bacteria","Proteobacteria","Gammaproteobacteria","Betaproteobacteriales","Hydrogenophilaceae","UBA3361","",0,0.068505792,4.434981296,0.567400246,0.760077003,0.212776506,0.813789783,0.156779956,0.254309176,0.281940108,0,0,0.053772116,0.069647959,0.130152815,0.289149552,0.149115136,0.09066744,0.660980593,0,1.050241778,0.281769207,0.701122705,0.240353441,0.426027083,0.904023463,0.209493356,3
"bin_315, Bacteria, Proteobacteria, Alphaproteobacteria, Acetobacterales, Acetobacteraceae, 70~18","bin_315","Bacteria","Proteobacteria","Alphaproteobacteria","Acetobacterales","Acetobacteraceae","70~18","",0,0.039935582,2.272524604,0.659930375,1.27487217,0.460534225,0.256679495,0.341610886,0.62117615,0.213759033,0,0,0.091638666,0.052871014,0.269316084,0.242795686,0.25998494,0.151547738,1.187394202,0,1.501923592,0.349667008,2.052636361,0.498705498,0.300489536,1.142203224,0.113711973,3
"bin_97, Bacteria, Proteobacteria, Gammaproteobacteria, Betaproteobacteriales, Chromobacteriaceae, Chromobacterium, haemolyticum","bin_97","Bacteria","Proteobacteria","Gammaproteobacteria","Betaproteobacteriales","Chromobacteriaceae","Chromobacterium","haemolyticum",0,0,0,0.18171915,0.255159014,0.058241132,0.18199003,0.080857086,0.185781948,0.062963739,0,0,0,0.03063592,0.100662106,0.14108495,0.13735723,0.051661158,0.377262771,0,0.954032637,19.57759557,0.399583172,0.13599162,0.122872405,0.634882438,0.096020407,3
"bin_136, Bacteria, Proteobacteria, Gammaproteobacteria, Betaproteobacteriales, Gallionellaceae, Sideroxydans","bin_136","Bacteria","Proteobacteria","Gammaproteobacteria","Betaproteobacteriales","Gallionellaceae","Sideroxydans","",0,0.046656617,0.073044233,0.250933059,0.336329929,0.085478666,0.518944755,0.119552553,0.233871958,0.115884036,0,0,0.056975136,0.058507725,0.122531181,0.20169166,0.143415465,0.109008347,0.782219384,0,1.41249214,18.98580242,0.678850068,0.210537525,0.475940151,1.190459271,0.171749747,3
"bin_367, Bacteria, Verrucomicrobiota, Verrucomicrobiae","bin_367","Bacteria","Verrucomicrobiota","Verrucomicrobiae","","","","",0,0.190996523,1.344465155,0.069862578,0.113083412,0.183848892,0.490710039,0.187966056,0.296163537,0.167204774,0,0,0,0.042002053,0.048735545,0.052908747,0.058499894,0,0.328690987,0,0.236757853,0.076737671,0.364232202,0.165784249,0.039629568,0.210580948,0.047978255,3
"bin_60, Bacteria, Acidobacteriota, Thermoanaerobaculia","bin_60","Bacteria","Acidobacteriota","Thermoanaerobaculia","","","","",0,0,0.097372334,0.04271861,0.093069302,0.070424931,0.135663238,0.169128381,0.305059341,0.118784079,0,0.035998895,0.050905878,0.0498848,0.04605168,0.048024912,0.069419488,0,0.638175008,0,0.749780655,1.106481455,0.576174953,0.35834496,0.179930223,0.335413072,0.059234787,3
"bin_145, Bacteria, Proteobacteria, Alphaproteobacteria, Rhizobiales, Beijerinckiaceae","bin_145","Bacteria","Proteobacteria","Alphaproteobacteria","Rhizobiales","Beijerinckiaceae","","",0,0.045991728,3.166347371,0.328184125,0.617525941,0.258664341,0.395784944,0.368789084,0.678157115,0.304429633,0,0,0.096475218,0.037540429,0.224973942,0.229022655,0.265975908,0.129653684,1.00092569,0,2.165484318,0.404871925,1.792471578,0.61603243,0.338824204,1.036558383,0.099110744,3
"bin_31, Bacteria, Bacteroidota, Bacteroidia, Bacteroidales, Prolixibacteraceae, Draconibacterium","bin_31","Bacteria","Bacteroidota","Bacteroidia","Bacteroidales","Prolixibacteraceae","Draconibacterium","",0,0,0,0,0.03763713,0,0,0.124182351,0.096008694,0.048584266,0,0,0,0,0,0.326544053,0,0,0.030802084,0,0.053542639,0.030378442,0,0,0.084501657,0,0,3
"bin_204, Bacteria, Nitrospirota, Nitrospiria, Nitrospirales, Nitrospiraceae, NitrospiraC","bin_204","Bacteria","Nitrospirota","Nitrospiria","Nitrospirales","Nitrospiraceae","NitrospiraC","",0.035064579,0.057154413,0,0.186594096,0.166863103,0.03627417,0.047811427,0.063906921,0.102559433,0.040480588,0,0,0.032821059,0,0,0.081194262,0,0,0.401985063,0,0.225645166,0.055028916,0.543471925,39.74772328,0.116393417,0.627153437,0.04816223,3
"bin_118, Bacteria, Verrucomicrobiota, Verrucomicrobiae, Opitutales, Opitutaceae, Lacunisphaera","bin_118","Bacteria","Verrucomicrobiota","Verrucomicrobiae","Opitutales","Opitutaceae","Lacunisphaera","",0,0,2.2664895,0.204948111,0.322786544,0.058076183,0.199449068,0.151143963,0.334428997,0.14160408,0,0,0,0,0.110987586,0.162603595,0.070883546,0.050663288,0.390995082,0,0.60341036,0.146887192,0.532034782,0.218743966,0.09886358,0.391837428,0.038498938,3
"bin_333, Bacteria, Armatimonadota, Chthonomonadetes, Chthonomonadales","bin_333","Bacteria","Armatimonadota","Chthonomonadetes","Chthonomonadales","","","",3.074038994,16.23616347,0,0,0.044099965,0.058670307,0.074667504,0.076636199,0.17532792,0.059418528,0,0,0.043566906,0.063847841,0,0.10943838,0.037046332,0.037673001,0.135458091,0,0.111287833,0.061816171,0.190314456,0.56308528,0.060284114,0.118351527,0.063217596,3
"bin_138, Bacteria, Chloroflexota, Ellin6529, CSP1~4, CSP1~4, RBG~16~72~14","bin_138","Bacteria","Chloroflexota","Ellin6529","CSP1~4","CSP1~4","RBG~16~72~14","",0,0,2.333527775,0.078045848,0.14398414,0.269012416,0.302043366,0.582368508,1.095484884,0.612319249,0.031151681,0.16099619,0.107090353,0.177798694,0.150641911,0.107936098,0.158177468,0.060433766,1.134640511,0,1.665586922,0.813380581,1.145433133,0.414632261,0.258560623,1.097346999,0.162902797,3
"bin_182, Bacteria, Acidobacteriota, Thermoanaerobaculia","bin_182","Bacteria","Acidobacteriota","Thermoanaerobaculia","","","","",0,0,2.019173255,0,0.044323439,0.038606951,0.070206232,0.076528935,0.160489778,0.063128173,0,0,0.040911756,0.044029181,0,0.033533149,0.044976059,0,0.205903393,0,0.164470839,0.113304015,0.227449879,0.15429443,0.057723499,0.116248935,0.030690504,3
"bin_187, Bacteria, Nitrospirota, Nitrospiria, Nitrospirales, Nitrospiraceae, Nitrospira","bin_187","Bacteria","Nitrospirota","Nitrospiria","Nitrospirales","Nitrospiraceae","Nitrospira","",0.072768565,0.122350711,0,0.47199617,0.44092776,0.12380468,0.051383807,0.106053443,0.09140427,0.033947102,0,0,0,0,0.034891647,0.449996137,0,0,0.580669449,0,0.248837375,0.072739894,0.408779915,126.9628471,0.24413324,1.4067084,0.060793919,3
"bin_88, Bacteria, Planctomycetota, Brocadiae","bin_88","Bacteria","Planctomycetota","Brocadiae","","","","",0,0,3.127883452,0.053768177,0.081874513,0.096548084,0.178701513,0.305433972,0.534111379,0.193823005,0,0,0.054119245,0.065552757,0.044117779,0.050151006,0.08161489,0.035876362,0.410407725,0,0.33889114,0.091460217,0.531308434,0.238203794,0.072074334,0.241469796,0.040414465,3
"bin_92, Bacteria, Proteobacteria, Gammaproteobacteria, Diplorickettsiales, Diplorickettsiaceae, Rickettsiella","bin_92","Bacteria","Proteobacteria","Gammaproteobacteria","Diplorickettsiales","Diplorickettsiaceae","Rickettsiella","",0,0,0,0,0.038993425,0,0.059846892,0,0.037143471,0,0,0,0,0,0,0,0.047156797,0,0.041908563,0,0.480352451,0,0.034287164,0,0.613296832,232.2392948,0,3
"bin_47, Bacteria, Chloroflexota","bin_47","Bacteria","Chloroflexota","","","","","",0,0.046384194,1.053641358,0,0.04011365,0,0.098237635,0.083251832,0.139584941,0.128374171,0,0,0,0,0,0,0,0,0.061875739,0,0.098312989,0.115079286,0.069850891,0.187822182,0,0.064630436,0,3
"bin_309, Bacteria, Myxococcota, Myxococcia, Myxococcales, Anaeromyxobacteraceae, Anaeromyxobacter","bin_309","Bacteria","Myxococcota","Myxococcia","Myxococcales","Anaeromyxobacteraceae","Anaeromyxobacter","",0,0,0.059391245,0.069339829,0.16664939,0.258203322,0.569797615,8.659706379,2.98302109,39.67298766,0,0.04595496,0.068121907,0.081502921,0.095999637,0.11349721,0.141239231,0.05933314,0.936398906,0,0.568254361,0.455756194,0.963187491,0.406278388,0.174367504,0.480049937,0.078531753,3
"bin_186, Bacteria, KSB1, UBA2214, UBA2214","bin_186","Bacteria","KSB1","UBA2214","UBA2214","","","",0,0,0,0,0.039775683,0,0.048731815,0.062902658,0.118253519,0.041058333,0.038684209,0,0.035360506,0.064074773,0.031986669,0.032288487,0.040540468,0,0.41999548,0,0.162879582,0.043133563,0.563253285,35.41582281,0.171428295,0.152385141,0,3
"bin_334, Bacteria, Nitrospirota, Nitrospiria, Nitrospirales, Nitrospiraceae","bin_334","Bacteria","Nitrospirota","Nitrospiria","Nitrospirales","Nitrospiraceae","","",0,0.043391023,0,0.107067346,0.118172932,0.032834753,0.043458722,0.06436599,0.108101923,0.038335236,0,0,0.03552884,0.049168053,0,0.107498831,0.031322122,0,0.298966601,0,0.192516675,0.052633215,0.580439892,57.66970602,0.121885324,0.426024478,0.033983479,3
"bin_83, Bacteria, Acidobacteriota, Acidobacteriae, Solibacterales, Solibacteraceae","bin_83","Bacteria","Acidobacteriota","Acidobacteriae","Solibacterales","Solibacteraceae","","",0,0,4.058338793,0.034230481,0.078970045,0.072976232,0.05058861,0.081276727,0.133618014,0.060960969,0,0,0.034516573,0.04284354,0,0,0.037514033,0,0.27085381,0,0.22937224,0.093069951,0.588354849,0.158894206,0.067056851,0.151929356,0.04102004,3
"bin_364, Bacteria, MBNT15, MBNT15, MBNT15, MBNT15, CG2~30~66~27","bin_364","Bacteria","MBNT15","MBNT15","MBNT15","MBNT15","CG2~30~66~27","",0,0,1.034497957,0,0.061347931,0.043801177,0.09473138,0.324947403,0.321168965,0.130504524,0,0,0.070205535,0.176686533,0.047240867,0.078739153,0.113178913,0,0.928586207,0,0.710589761,0.839409587,0.397348041,0.235777929,0.486823264,0.211658537,0,3
"bin_310, Bacteria, Acidobacteriota, Acidobacteriae, Acidobacteriales, Koribacteraceae","bin_310","Bacteria","Acidobacteriota","Acidobacteriae","Acidobacteriales","Koribacteraceae","","",0,0,3.665122378,0.030667705,0.040690215,0.0301625,0.047155391,0.064078026,0.109106922,0.04986736,0,0,0.034552458,0.03091901,0,0,0,0,0.220809754,0,0.20225238,0.115647163,0.380053188,0.130142608,0.041066323,0.121494858,0,3
"bin_247, Bacteria, Acidobacteriota, Thermoanaerobaculia, Thermoanaerobaculales, Thermoanaerobaculaceae","bin_247","Bacteria","Acidobacteriota","Thermoanaerobaculia","Thermoanaerobaculales","Thermoanaerobaculaceae","","",4.49846065,28.71331642,0,0.038560894,0.082736038,0.061904174,0.087548671,0.11543346,0.245094131,0.085077068,0,0,0.063573207,0.310708215,0.042024291,0.05147388,0.082436397,0.109504225,0.552007991,0,0.237139936,0.128809771,0.536325368,0.276291117,0.080240693,0.27123101,0.083227687,3
"bin_272, Bacteria, Myxococcota, Myxococcia, Myxococcales, Myxococcaceae","bin_272","Bacteria","Myxococcota","Myxococcia","Myxococcales","Myxococcaceae","","",0,0.041456191,0.099217613,0.057097877,0.113298349,0.095057495,0.186312326,0.153029939,0.22003604,0.095955906,0,0,0.03221477,0,0.046677663,0.043802545,0.061110272,0.051084012,0.531958622,0,1.403935181,43.82236166,0.513120787,0.330613451,0.094708912,0.314502562,0.043355891,3
"bin_50, Bacteria, Bacteroidota, Bacteroidia, Bacteroidales, Prolixibacteraceae, Prolixibacter","bin_50","Bacteria","Bacteroidota","Bacteroidia","Bacteroidales","Prolixibacteraceae","Prolixibacter","",0,0,0,0,0,0,0,0,0.041687638,0,0,0,0,0,0,0.033376494,0,0,0,0,2.920569658,12.64472395,0,0,0,0.042048761,0,3
"bin_203, Bacteria, Proteobacteria, Gammaproteobacteria, Betaproteobacteriales, Methylophilaceae, MM2","bin_203","Bacteria","Proteobacteria","Gammaproteobacteria","Betaproteobacteriales","Methylophilaceae","MM2","",0,0.071059599,0.191329805,2.763137009,3.686260441,13.5557233,1.032993166,0.292119995,0.452097832,0.326199191,0.031893655,0.04344481,0.08727169,0.117600915,0.205667618,0.248699561,0.358498325,0.156130127,1.312065683,0,1.997552207,0.623128297,1.627958026,0.394718673,0.315903331,1.604512593,0.402921685,3
"bin_308, Bacteria, Proteobacteria, Gammaproteobacteria, Betaproteobacteriales, Burkholderiaceae, JOSHI~001","bin_308","Bacteria","Proteobacteria","Gammaproteobacteria","Betaproteobacteriales","Burkholderiaceae","JOSHI~001","",0,0.129630839,0.067565085,2.043477363,3.566578987,0.813067349,0.954637594,0.859420496,1.015092431,0.533329973,0.034094714,0.037579695,0.124785099,0.151064463,0.43451822,0.552609734,0.400447534,0.411627118,3.031350176,0,9.633435019,16.81107564,2.391482544,0.658174313,0.550483183,3.462235088,0.515232303,3
"bin_268, Bacteria, Chloroflexota, Ellin6529, CSP1~4, CSP1~4","bin_268","Bacteria","Chloroflexota","Ellin6529","CSP1~4","CSP1~4","","",0,0,13.29109469,0.045981784,0.128975704,0.315932048,0.383374086,0.553520748,0.960969158,0.431857871,0.033077068,0.209245823,0.09934189,0.215570772,0.126173881,0.101356281,0.16089836,0.044395928,0.996852626,0,1.152035183,0.289625935,1.052139708,0.342677081,0.25264774,0.839618127,0.089299555,3
"bin_159, Bacteria, Nitrospirota, Nitrospiria, Nitrospirales, Nitrospiraceae","bin_159","Bacteria","Nitrospirota","Nitrospiria","Nitrospirales","Nitrospiraceae","","",0,0.051068414,0,0.109434471,0.104338304,0.037174923,0.053847443,0.061812119,0.093563693,0.041318922,0,0.041486016,0.064390141,0.087995847,0.031621599,0.070716151,0.040217641,0,0.379480598,0,0.143345853,0.047242354,0.62803648,98.16618484,0.110805393,0.442496363,0.034391802,3
"bin_177, Bacteria, Chloroflexota, Anaerolineae, Anaerolineales, envOPS12, UBA7227","bin_177","Bacteria","Chloroflexota","Anaerolineae","Anaerolineales","envOPS12","UBA7227","",0,0.156741525,0.037994959,0.042397505,0.096377533,0.388767061,0.466084359,0.224975919,0.384348907,0.180315059,0.055202425,0,0.843164291,0.54072532,0.036355513,0.462922042,0.09553519,0.043527926,0.387747911,0,0.235208923,0.281578856,0.529916824,73.97687362,0.361767788,0.550590258,0.097682093,3
"bin_312, Bacteria, Desulfobacterota, Desulfobacteria, Desulfobacterales, Desulfatirhabdiaceae, RAAP~1","bin_312","Bacteria","Desulfobacterota","Desulfobacteria","Desulfobacterales","Desulfatirhabdiaceae","RAAP~1","",0,0,1.609233673,0,0.032211524,0,0.079569603,0.084218079,0.175038943,0.063939933,0,0,0,0,0,0.039990971,0.03226833,0,0.118743785,0,0.10037141,0.034618937,0.08699425,0.086851216,0.036583494,0.07390483,0,3
"bin_6, Bacteria, Proteobacteria, Gammaproteobacteria, Steroidobacterales, Steroidobacteraceae","bin_6","Bacteria","Proteobacteria","Gammaproteobacteria","Steroidobacterales","Steroidobacteraceae","","",0,0,1.479231992,0.062128129,0.097840696,0.043422952,0.079356571,0.069005265,0.141712933,0.055103829,0,0,0.031336723,0,0.059305744,0.057908238,0.071071127,0.032017546,0.453550459,0,0.524021321,0.115248152,0.503255962,0.168912927,0.079062898,0.440029881,0.083989113,3
"bin_13, Bacteria, Bacteroidota, Bacteroidia, Bacteroidales, Paludibacteraceae, Paludibacter","bin_13","Bacteria","Bacteroidota","Bacteroidia","Bacteroidales","Paludibacteraceae","Paludibacter","",0,0,0,0.131253538,0.240631389,0,0,0.046299799,0.077395523,0,0,0,0,0,1.512806707,26.356373,0,0,0,0,0.205642969,0.152432734,0,0,0,0.048893724,0,3
"bin_71, Bacteria, Proteobacteria, Gammaproteobacteria, Steroidobacterales, Steroidobacteraceae","bin_71","Bacteria","Proteobacteria","Gammaproteobacteria","Steroidobacterales","Steroidobacteraceae","","",0,0.03777962,0.051415238,0.187710894,0.350400532,0.242915072,0.252054673,0.389905036,0.646261267,0.192167262,0,0,0.090069869,0.044953617,0.195113657,0.165401437,0.217408407,0.105846033,2.812328154,0,1.609580397,0.314721917,1.558191439,0.564923579,0.44345486,12.32465747,3.344162688,3
"bin_330, Bacteria, Acidobacteriota, Acidobacteriae, Solibacterales, Solibacteraceae, Solibacter","bin_330","Bacteria","Acidobacteriota","Acidobacteriae","Solibacterales","Solibacteraceae","Solibacter","",0,0,1.528347655,0.062621279,0.108509952,0.09805462,0.102059418,0.150451021,0.280902744,0.128521669,0.034153857,0,0.058731224,0.072653672,0.053924259,0.053857602,0.071002744,0,0.457709628,0,0.346927556,0.212877923,0.74040541,0.339809192,0.079253343,0.241974356,0.074391692,3
"bin_369, Bacteria, Myxococcota, UBA9042, UBA9042, UBA9042","bin_369","Bacteria","Myxococcota","UBA9042","UBA9042","UBA9042","","",0,0,0.049615175,0.035565784,0.063377545,0.034133072,0.062649614,0.071000509,0.114607513,0.042578569,0,0,0,0,0.030662769,0.030417076,0.036640036,0,0.229506022,0,0.383985,25.07654871,0.249048395,0.098535464,0.041811926,0.154019297,0,3
"bin_168, Bacteria, Chloroflexota","bin_168","Bacteria","Chloroflexota","","","","","",0,0.079777667,3.049394414,0.033678375,0.078677913,0.068765513,0.195519799,0.225087197,0.32241955,0.284503137,0,0,0.049429437,0.044305842,0.032065875,0.036314598,0.06976186,0,0.269784304,0,0.227809194,0.12121427,0.223748616,0.426628161,0.069097496,0.199305509,0.037496392,3
"bin_261, Bacteria, Proteobacteria, Gammaproteobacteria, Steroidobacterales, Steroidobacteraceae","bin_261","Bacteria","Proteobacteria","Gammaproteobacteria","Steroidobacterales","Steroidobacteraceae","","",0,0.034305936,3.079465236,0.304496888,0.501647419,0.380600262,0.246191101,0.394580223,0.651851352,0.238457594,0,0.035740549,0.123778,0.068765407,0.24520334,0.201949854,0.391208997,0.12588857,2.740061761,0,1.955179404,0.450038898,2.243805736,0.715025559,0.337698312,2.534524352,0.532219346,3
"bin_110, Bacteria, Proteobacteria, Gammaproteobacteria, Thiotrichales, Thiotrichaceae","bin_110","Bacteria","Proteobacteria","Gammaproteobacteria","Thiotrichales","Thiotrichaceae","","",0.341270545,0.086419519,0,0.070977027,0.101771404,0,0.104153977,0.031468273,0.095927077,0,0,0,0,0,0.039157245,0.051980577,0.030964256,0,0.114774634,0,0.376930025,0.135547121,0.164448069,0.051080667,0,0.18689021,0.033351328,3
"bin_120, Bacteria, Acidobacteriota, Holophagae, Holophagales, Holophagaceae, Geothrix","bin_120","Bacteria","Acidobacteriota","Holophagae","Holophagales","Holophagaceae","Geothrix","",0,0,0.068583882,0.035089554,0.056353849,0.035572431,0.081514746,0.08412093,0.148275522,0.061155098,0,0,0.036392623,0.030825849,0,0.03953635,0.067424721,0.036252278,0.248030936,0,33.05668923,10.92385014,0.294576665,0.110684925,0.061579634,0.221962362,0.05727427,3
"bin_5, Bacteria, Proteobacteria, Gammaproteobacteria, Betaproteobacteriales, Rhodocyclaceae, CG2~30~68~42","bin_5","Bacteria","Proteobacteria","Gammaproteobacteria","Betaproteobacteriales","Rhodocyclaceae","CG2~30~68~42","",0,0.04242847,0.031772526,0.317708191,0.509272639,0.213254657,0.476702385,0.306854273,0.479762601,0.21772266,0.040493411,0.034297789,0.104321043,0.089592542,0.205057926,0.225504493,0.206883844,0.160313198,2.447175019,0,1.511456439,0.436580192,2.083024082,0.728901007,0.498597924,1.697186413,0.367069154,3
"bin_170, Bacteria, Proteobacteria, Gammaproteobacteria, UBA6522, UBA6522","bin_170","Bacteria","Proteobacteria","Gammaproteobacteria","UBA6522","UBA6522","","",0,0,0,0.31507677,0.43047141,0.184067082,0.15299408,0.334662969,0.540649913,0.181607416,0.052975037,0.043262852,0.718639011,0.063095487,0.390958851,0.224187216,0.21018488,0.186103764,7.958624643,0,2.053828813,0.382003579,74.29366863,0.759052839,0.333836804,0.907050411,0.164190955,3
"bin_139, Bacteria, Bacteroidota, Bacteroidia, Flavobacteriales, Crocinitomicaceae","bin_139","Bacteria","Bacteroidota","Bacteroidia","Flavobacteriales","Crocinitomicaceae","","",0,0,0,17.15034293,36.83016511,0.060335275,0,0,0.032644471,0,0,0,0,0,0.030376547,0,0,0,0,0,0.099920077,0,0.045879622,0,0,0.053706876,0,3
"bin_194, Bacteria, Proteobacteria, Gammaproteobacteria, Steroidobacterales, Steroidobacteraceae","bin_194","Bacteria","Proteobacteria","Gammaproteobacteria","Steroidobacterales","Steroidobacteraceae","","",0,0,1.534742139,0.121467056,0.18551813,0.074616249,0.084010925,0.113712178,0.194094275,0.06951945,0,0,0.038026779,0,0.071378314,0.06690641,0.095168096,0.039827159,0.566114515,0,0.604467022,0.134935003,0.593649238,0.193943644,0.104801641,0.448122078,0.08301555,3
"bin_98, Bacteria, Proteobacteria, Gammaproteobacteria, Betaproteobacteriales, Burkholderiaceae, Rhodoferax","bin_98","Bacteria","Proteobacteria","Gammaproteobacteria","Betaproteobacteriales","Burkholderiaceae","Rhodoferax","",0,0,0,0.4472218,0.551716977,0.058764057,0.141515892,0.08527813,0.206443409,0.085466503,0,0,0,0.033701735,0.140857632,0.125675843,0.166751793,0.040521171,0.379831762,0,1.718021022,0.417707725,0.37660584,0.099626643,0.154588523,0.843171778,0.119929611,3
"bin_302, Archaea, Nanoarchaeota, Woesearchaeia, SM23~78","bin_302","Archaea","Nanoarchaeota","Woesearchaeia","SM23~78","","","",4.233811317,27.87399987,0,0.051302023,0.094871696,0.030292894,0.066381706,0.16531635,0.158791921,0.097653019,0,0,0.037483945,0.04216347,0,0.131659644,0.059451636,0,0.180198599,0,0.070474376,0.067739163,0.20343174,0.092827425,0.042223504,0.10807173,0.044657821,3
"bin_113, Bacteria, Eisenbacteria, RBG~16~71~46, RBG~16~71~46, RBG~16~71~46","bin_113","Bacteria","Eisenbacteria","RBG~16~71~46","RBG~16~71~46","RBG~16~71~46","","",0,0,0.035294196,0.073651796,0.141651908,0.129485874,0.132370578,0.238467848,0.502001081,0.166999462,0.03705321,0.052884495,0.126664576,0.138634388,0.116807979,0.08924657,0.125311544,0.069455393,1.262575257,0,0.657508936,0.310532358,1.398231989,38.19790892,0.210464135,0.541682852,0.083964534,3
"bin_255, Bacteria, Proteobacteria, Gammaproteobacteria, Betaproteobacteriales, Burkholderiaceae, Rhodoferax","bin_255","Bacteria","Proteobacteria","Gammaproteobacteria","Betaproteobacteriales","Burkholderiaceae","Rhodoferax","",0,0,0,0.567865518,0.722990688,0.060882306,0.128156577,0.094076914,0.190310046,0.061730987,0,0,0,0,0.130565969,0.131572528,0.076663321,0.07569665,0.392372484,0,2.12071856,0.432589723,0.321494615,0.09804445,0.245118604,0.979309929,0.152302559,3
"bin_99, Bacteria, Patescibacteria, Gracilibacteria, Peregrinibacterales, UBA12463","bin_99","Bacteria","Patescibacteria","Gracilibacteria","Peregrinibacterales","UBA12463","","",0,0,0,0,0.031973115,0,0.05181732,0,0.045741564,0,0,0,0,0,0,0,0,0,0,0,0.918582954,13.51498473,0,0.031122519,0,0.156874288,0,3
"bin_257, Bacteria, Proteobacteria, Gammaproteobacteria, Steroidobacterales, Steroidobacteraceae, SG8~30","bin_257","Bacteria","Proteobacteria","Gammaproteobacteria","Steroidobacterales","Steroidobacteraceae","SG8~30","",0,0.043262621,0.057572952,0.607615663,1.049961969,14.20716082,0.232307197,0.330002717,0.547808426,0.194417665,0,0,0.125003681,0.084506506,0.274542108,0.222245484,0.378595765,0.130442862,3.340914407,0,1.556636201,0.296425037,2.125627867,0.565650611,0.311875547,2.504921814,0.590319458,3
"bin_72, Bacteria, Acidobacteriota, Acidobacteriae, Acidobacteriales, Acidobacteriaceae","bin_72","Bacteria","Acidobacteriota","Acidobacteriae","Acidobacteriales","Acidobacteriaceae","","",0,0,3.06813547,0.049140097,0.081212371,0.042321159,0.069841492,0.089077643,0.147997378,0.068858597,0,0,0.036319673,0.044710802,0.050789064,0.039779308,0.055685964,0,0.304986559,0,0.248484479,0.115385734,0.424824334,0.1646887,0.089404713,0.18102953,0.035388735,3
"bin_365, Bacteria, Proteobacteria, Gammaproteobacteria, Betaproteobacteriales, Burkholderiaceae, GJ~E10","bin_365","Bacteria","Proteobacteria","Gammaproteobacteria","Betaproteobacteriales","Burkholderiaceae","GJ~E10","",0,0.033217691,5.236399523,0.352711239,0.58085865,0.244713186,0.305862787,0.234231992,0.384076173,0.156239226,0,0,0.064470934,0.11755392,0.172153039,0.168199131,0.155254185,0.102705274,1.428308033,0,1.429544153,0.370400916,1.143854254,0.317586152,0.213380605,1.059502599,0.195275211,3
"bin_185, Bacteria, MBNT15, MBNT15, MBNT15, MBNT15, CG2~30~66~27","bin_185","Bacteria","MBNT15","MBNT15","MBNT15","MBNT15","CG2~30~66~27","",0,0,0,0,0.043312846,0.042071072,0.058350061,0.208348269,0.26406496,0.097742097,0,0,0.0741452,0.225389477,0.042863115,0.063243685,0.111081262,0,0.559310778,0,1.455369565,5.514635352,0.334609904,0.162908355,0.594806732,0.151898909,0,3
"bin_62, Bacteria, Bacteroidota, Bacteroidia, AKYH767, b~1BO","bin_62","Bacteria","Bacteroidota","Bacteroidia","AKYH767","b~1BO","","",0,0,0,0.067915947,0.095994652,0,0.030778936,0,0.040835212,0,0,0,0,0,0,0,0.114860144,0,0,0,8.289266993,9.151632768,0,0,0,0.247694178,0,3
"bin_371, Bacteria, Acidobacteriota, Aminicenantia, Aminicenantales, UBA4085","bin_371","Bacteria","Acidobacteriota","Aminicenantia","Aminicenantales","UBA4085","","",0,0,0.998752848,0,0.084763642,0.125362083,0.262926176,0.361252202,0.899878565,0.143940079,0.033588993,0.047851933,0.072786324,0.076544384,0.053789044,0.078342789,0.113876404,0.032611246,0.533918878,0,0.326526478,0.138072595,0.532321946,0.291496807,0.113930749,0.294312659,0.063570782,3
"bin_55, Bacteria, Chloroflexota, Anaerolineae, Anaerolineales, envOPS12, OLB14","bin_55","Bacteria","Chloroflexota","Anaerolineae","Anaerolineales","envOPS12","OLB14","",0,0.111885265,0,0.037283582,0.074380514,0.285951397,0.446202266,0.166031222,0.229065962,0.143909378,0.035649575,0,0.126229189,0.136378163,0,0.071415579,0.070026795,0,0.193629199,0,0.282051497,0.320270823,0.439718556,30.00953833,0.382514155,0.672448379,0.08491178,3
"bin_161, Bacteria, Proteobacteria, Gammaproteobacteria, Betaproteobacteriales, Gallionellaceae","bin_161","Bacteria","Proteobacteria","Gammaproteobacteria","Betaproteobacteriales","Gallionellaceae","","",0,0.041376197,0.085461121,0.134937326,0.197019798,0.04879502,0.214796043,0.068496156,0.125034958,0.081236348,0,0,0,0.03360695,0.062625224,0.082136275,0.096477992,0.074158649,0.304278809,0,22.07327727,19.53665874,0.353648014,0.113439896,0.190863139,0.848579581,0.103642498,3
"bin_233, Bacteria, Acidobacteriota, Thermoanaerobaculia","bin_233","Bacteria","Acidobacteriota","Thermoanaerobaculia","","","","",0,0,0.742215996,0,0,0,0.046183041,0.05568645,0.098595405,0.032648006,0,0,0,0,0,0,0,0,0.135692401,0,0.105478361,0.039957318,0.16218608,0.091602501,0,0.07850689,0,3
"bin_149, Bacteria, Bacteroidota, Bacteroidia, Cytophagales, Cyclobacteriaceae","bin_149","Bacteria","Bacteroidota","Bacteroidia","Cytophagales","Cyclobacteriaceae","","",0,0,0.042513302,0.674293781,1.3839357,10.27540443,0,0,0.054625673,0,0,0,0,0,0,0,0.069825313,0,0.244057402,0,0.159909847,0,0.163903485,0,0.033755464,0.074830748,0,3
"bin_207, Bacteria, Actinobacteriota, Thermoleophilia, 20CM~4~69~9, 20CM~4~69~9","bin_207","Bacteria","Actinobacteriota","Thermoleophilia","20CM~4~69~9","20CM~4~69~9","","",0,0,0,0.093257482,0.263792308,0.23412317,0.468474084,3.165350996,4.769718144,1.637824863,0.065951482,0.25714699,2.226750906,0.985835414,0.239826726,0.486465295,0.29884315,0.199766892,3.378414315,0,3.093877541,0.578037344,1.731161243,35.88383722,0.431307962,3.098086036,0.269181456,3
"bin_75, Bacteria, Proteobacteria, Gammaproteobacteria, Betaproteobacteriales, Burkholderiaceae, GJ~E10","bin_75","Bacteria","Proteobacteria","Gammaproteobacteria","Betaproteobacteriales","Burkholderiaceae","GJ~E10","",0,0,1.980377685,0.344108681,0.512203155,0.199019349,0.241491817,0.207068323,0.320515685,0.143076948,0,0,0.058222086,0.082326653,0.141038041,0.148294835,0.173042786,0.10339053,1.070578947,0,1.103082981,0.278803784,1.007253455,0.251619595,0.184554813,0.847235713,0.136166176,3
"bin_218, Bacteria, Patescibacteria, Paceibacteria, UBA6257, Jorgensenbacteraceae","bin_218","Bacteria","Patescibacteria","Paceibacteria","UBA6257","Jorgensenbacteraceae","","",0,0,0,0.053827191,0.073279527,0,0.157186707,0.070553158,0.090814129,0.045730748,0,0,0,0,0.034349787,0.117412288,0.126680711,0.063905399,0.062166527,0,0.805561642,12.75675612,0.058950105,0.05626125,0.039393046,0.196968801,0,3
"bin_349, Bacteria, Chloroflexota, Dehalococcoidia","bin_349","Bacteria","Chloroflexota","Dehalococcoidia","","","","",0,0,0.962524446,0,0.038556455,0.174707313,0.078846261,0.060276996,0.458346394,0.040918743,0.148915183,0,0.062913759,0.087756211,0,0.044816198,0.106590794,0,0.069914071,0,0.061818177,0,0.061989129,0.062166793,0,0.044242323,0,3
"bin_111, Bacteria, Acidobacteriota, Holophagae, Holophagales, Holophagaceae, Geothrix","bin_111","Bacteria","Acidobacteriota","Holophagae","Holophagales","Holophagaceae","Geothrix","",0,0,0.040176248,0.05909413,0.094340542,0.047276206,0.066438369,0.094596493,0.167566894,0.060561313,0,0,0,0.041600961,0.034746373,0.050225304,0.108232836,0,0.288928384,0,15.81908915,11.01921368,0.314749092,0.144380145,0.046567458,0.24800769,0.057673574,3
"bin_278, Bacteria, Acidobacteriota, Blastocatellia, Pyrinomonadales","bin_278","Bacteria","Acidobacteriota","Blastocatellia","Pyrinomonadales","","","",0,0,0,0,0.053845031,0.034719439,0.054638356,0.086798992,0.141634598,0.06655532,0,0,0.046058451,0.041891213,0.032508321,0.046978985,0.036995731,0,0.364386112,0,0.392808962,0.091035795,0.560146933,26.15686045,0.071872663,0.157788855,0,3
"bin_18, Bacteria, Proteobacteria, Gammaproteobacteria, Betaproteobacteriales, Burkholderiaceae, Rhodoferax","bin_18","Bacteria","Proteobacteria","Gammaproteobacteria","Betaproteobacteriales","Burkholderiaceae","Rhodoferax","",0,0.039102228,0.033867665,0.573302063,0.820537402,0.092553191,0.212628725,0.140570275,0.294331409,0.105476374,0,0,0.033966251,0.046093137,0.163474025,0.151991978,0.130277517,0.094226379,0.563033448,0,2.977597164,12.2339118,0.588387446,0.214653517,0.231177789,1.081183635,0.166826293,3
"bin_67, Bacteria, Patescibacteria, ABY1, Veblenbacterales, UBA10138","bin_67","Bacteria","Patescibacteria","ABY1","Veblenbacterales","UBA10138","","",0,0,0,0.097965554,0.147682624,0.134529333,0.961119285,0.327126559,0.65609694,0.629407537,0.081219667,0,0.100611831,0.202786342,0,0.578964663,1.173743055,0.060046868,0.048757664,0,0.093399891,0.034162945,0.07794591,0.21876357,29.75893952,0.255911623,0.070942797,3
"bin_280, Bacteria, Proteobacteria, Gammaproteobacteria, Betaproteobacteriales, Burkholderiaceae, Rubrivivax","bin_280","Bacteria","Proteobacteria","Gammaproteobacteria","Betaproteobacteriales","Burkholderiaceae","Rubrivivax","",0,0.164525541,0.265817504,4.816344983,10.72191547,35.8183586,2.006157997,1.364820038,1.376646011,0.905964293,0.042103118,0.047967915,0.402190992,0.210237929,0.639482395,0.797569708,0.674787806,1.951175686,4.486114707,0,7.35357699,1.57153602,3.358941353,0.722851388,0.707406529,4.454774118,0.631836807,3
"bin_132, Bacteria, Proteobacteria, Gammaproteobacteria, Betaproteobacteriales, Burkholderiaceae, Aquabacterium","bin_132","Bacteria","Proteobacteria","Gammaproteobacteria","Betaproteobacteriales","Burkholderiaceae","Aquabacterium","",0,0.034694643,0,4.686473656,5.84298776,0.181817055,0.26730479,0.173122152,0.36329465,0.13346294,0,0,0.041529808,0.031122008,1.533394562,31.17229934,1.722050203,0.154720456,0.716841756,0,2.385656548,0.469748424,0.6985526,0.181347083,1.280937021,1.40353527,0.17790981,3
"bin_36, Bacteria, Myxococcota, Myxococcia, Myxococcales, Anaeromyxobacteraceae, Anaeromyxobacter","bin_36","Bacteria","Myxococcota","Myxococcia","Myxococcales","Anaeromyxobacteraceae","Anaeromyxobacter","",0,0.047096826,0.299899004,0.175737104,0.31677759,0.246407404,0.370967042,0.645441966,0.824019195,0.38649588,0,0.057863111,0.112089904,0.129782588,0.153507206,0.196195033,0.237777693,0.121517492,1.353212538,0,1.696949482,32.85457884,1.456205035,0.59247893,0.302044845,0.860371348,0.169121388,3
"bin_119, Bacteria, Proteobacteria, Gammaproteobacteria, Betaproteobacteriales, Rhodocyclaceae","bin_119","Bacteria","Proteobacteria","Gammaproteobacteria","Betaproteobacteriales","Rhodocyclaceae","","",0.077183236,0.114593243,0,0.949118065,1.14689253,0.334305849,5.514529269,19.69050683,1.65289728,12.07760096,0.051210893,0,0.067453291,0.111982565,0.213478609,0.428861654,0.341734071,0.367261879,1.550778782,0,1.678389906,0.473733817,1.445196989,0.479082995,0.379639515,2.38361407,0.527747464,3
"bin_346, Bacteria, Actinobacteriota, UBA9087","bin_346","Bacteria","Actinobacteriota","UBA9087","","","","",0,0,0,0.033208232,0.042024981,0.037108272,0.091217042,0.116704098,0.22149586,0.073756948,0,0,0,0.037288177,0.032638438,0.046070837,0.066388699,0,0.1510229,0,0.14959084,0.03546956,0.194851053,0.094387061,19.03868831,0.149133742,0,3
"bin_81, Bacteria, Deferrisomatota, Deferrisomatia, Deferrisomatales, Deferrisomataceae","bin_81","Bacteria","Deferrisomatota","Deferrisomatia","Deferrisomatales","Deferrisomataceae","","",0,0.085299006,0,0.045900492,0.083901111,0.094587782,3.964899812,4.191934323,2.872397573,29.36553337,0,0.037696054,0.047339727,0.084861556,0.05185121,0.107035858,0.096545211,0,0.458535766,0,0.216752473,0.12451409,0.386279265,0.185108142,0.096744976,0.183638999,0.041682318,3
"bin_176, Bacteria, Chloroflexota","bin_176","Bacteria","Chloroflexota","","","","","",0,0.064361416,1.196008441,0,0.058092409,0.045409509,0.166950484,0.169104054,0.2854234,0.195148435,0,0,0.054743143,0.039406317,0,0.040824234,0.06089423,0,0.213367361,0,0.170452167,0.155457387,0.201885605,0.335074689,0.054628937,0.123463923,0.040140463,3
"bin_381, Bacteria, Proteobacteria, Gammaproteobacteria, Steroidobacterales, Steroidobacteraceae","bin_381","Bacteria","Proteobacteria","Gammaproteobacteria","Steroidobacterales","Steroidobacteraceae","","",0,0,1.382696654,0.156543912,0.228638619,0.139570106,0.153999636,0.191607312,0.299696598,0.122262365,0,0,0.057819622,0.046352419,0.130288449,0.123234658,0.191755956,0.063128948,1.180860022,0,1.014989998,0.23792636,1.082509858,0.361064235,0.16825692,0.980220629,0.199359621,3
"bin_293, Bacteria, Acidobacteriota, Thermoanaerobaculia","bin_293","Bacteria","Acidobacteriota","Thermoanaerobaculia","","","","",0,0,2.39980866,0,0.043875107,0.051445552,0.060188916,0.169271929,0.275017727,0.091140012,0,0,0.046345284,0.045982591,0.048462421,0.036697206,0.061080312,0.03421349,0.635910047,0,0.387404254,0.177096205,0.497299627,0.245280009,0.077365985,0.300412158,0.039146001,3
"bin_338, Bacteria, Patescibacteria, CG2~30~33~46, CG2~30~33~46, CG2~30~33~46","bin_338","Bacteria","Patescibacteria","CG2~30~33~46","CG2~30~33~46","CG2~30~33~46","","",0,0,0,0.061527633,0.097307371,0.100148981,0.166850047,0.083026243,0.298416749,0.116746094,0.033998513,0,0.036431282,0.052083802,0,0.322097774,0.805979856,0.037295716,0.066524633,0,0.098835633,0.036209663,0.048143683,0.077679117,34.95306656,0.265588693,0,3
"bin_48, Bacteria, Patescibacteria, Paceibacteria, UBA9983, Nomurabacteraceae, UBA9973","bin_48","Bacteria","Patescibacteria","Paceibacteria","UBA9983","Nomurabacteraceae","UBA9973","",0,0,0,0.156770107,0.148075755,0,0.360838076,0.090238066,0.211977217,0,0,0,0,0,0,0.076220743,0.115533938,0,0.124474055,0,0.415459537,0.118298917,0.161655885,0.090507238,0.089846079,1.342729098,0,3
"bin_341, Bacteria, Patescibacteria, Paceibacteria, Moranbacterales, UBA1568, UBA1568","bin_341","Bacteria","Patescibacteria","Paceibacteria","Moranbacterales","UBA1568","UBA1568","",0,0,0,0,0.048873988,0,0.127885908,0,0.053131764,0.057087553,0,0,0,0,0,0.051813575,0.180207502,0,0.048610196,0,0.14085298,0,0,0,0.059922052,0.211868907,0,3
"bin_84, Bacteria, Proteobacteria, Gammaproteobacteria, Betaproteobacteriales, Burkholderiaceae, Pelomonas","bin_84","Bacteria","Proteobacteria","Gammaproteobacteria","Betaproteobacteriales","Burkholderiaceae","Pelomonas","",0,0.050611909,0.076516859,1.377447748,2.182981888,0.243144966,0.319824205,0.231936698,0.646179696,0.17640365,0,0,0.056264941,0.039015026,0.417069705,0.370641654,0.307657861,0.209088602,0.909769345,0,5.55565754,13.38236829,0.909809041,0.242861181,0.459569112,1.930792078,0.245353765,3
